CustomerID,Recency,Frequency,Monetary
12347,41,7,1146.59
12348,77,4,550.92
12349,20,1,406.32
12350,312,1,45.6
12352,74,8,426.30000000000007
12353,206,1,11.6
12354,234,1,181.57999999999998
12355,97,1,68.7
12356,129,2,285.0
12357,183,1,1174.51
12358,4,2,403.92
12359,10,6,829.83
12360,54,3,576.18
12361,289,1,16.5
12362,13,11,1036.38
12363,37,2,162.6
12364,42,3,195.6
12365,293,1,71.99000000000001
12367,213,1,33.599999999999994
12370,53,4,694.79
12371,31,1,245.7
12372,36,3,380.48
12373,343,1,104.5
12374,27,1,189.15
12375,12,2,131.70000000000002
12377,317,2,328.32
12378,306,1,858.4399999999999
12379,83,2,198.49999999999997
12380,23,4,235.75
12381,1,3,168.44
12383,10,5,400.9
12384,30,3,75.89
12386,486,1,30.0
12388,17,6,595.5
12390,81,1,70.5
12391,23,1,99.69
12393,40,3,381.25
12394,189,1,56.3
12395,6,10,844.27
12397,137,2,448.78
12398,47,1,335.4
12399,3,3,140.34
12401,100,1,17.85
12403,51,1,285.0
12405,150,1,472.03000000000003
12406,24,3,455.69
12407,51,5,205.5
12408,153,5,576.03
12409,66,3,2235.98
12410,253,2,155.1
12412,76,3,302.21000000000004
12413,10,4,211.85
12414,189,3,195.35
12415,26,17,21529.71
12417,41,10,855.44
12418,114,1,84.48
12420,154,1,180.04
12421,17,5,280.18
12422,170,3,144.75
12423,90,8,353.90999999999997
12424,164,2,321.45000000000005
12425,80,1,96.36
12426,196,1,78.78
12427,23,3,165.6
12428,27,7,1939.74
12429,11,4,553.1
12430,45,1,64.80000000000001
12431,3,14,1110.43
12432,44,4,892.24
12433,11,6,2679.64
12434,86,2,91.49
12435,81,2,724.4
12436,336,1,52.800000000000004
12437,10,18,763.42
12438,16,2,706.57
12441,486,1,28.200000000000003
12442,182,1,84.72
12444,1,5,1006.89
12445,24,1,56.0
12446,59,1,230.85
12447,68,1,45.6
12448,46,1,28.93
12449,24,4,535.6
12450,175,1,20.159999999999997
12451,12,5,1636.51
12452,18,1,69.55000000000001
12453,136,1,219.45
12454,55,2,-676.1000000000001
12455,75,6,592.9
12456,46,4,494.06
12457,88,3,236.04
12458,73,2,161.46
12461,126,1,52.89
12462,20,4,128.67
12463,7,5,295.59
12464,12,4,226.9
12465,19,2,131.1
12468,145,3,156.8
12471,12,28,3523.47
12472,53,12,1326.14
12473,55,5,625.11
12474,4,20,1291.45
12475,55,1,120.4
12476,17,12,1232.83
12477,24,7,3337.23
12478,182,1,130.88
12479,13,1,110.54
12480,30,4,594.02
12481,24,10,1058.67
12483,19,7,597.95
12484,105,5,877.2
12488,11,3,210.78
12489,163,1,15.9
12490,19,10,1254.54
12491,334,1,74.5
12492,107,2,79.24000000000001
12493,167,2,88.3
12494,17,7,134.09
12497,83,1,292.5
12498,23,2,68.85
12500,25,9,745.2299999999999
12501,163,2,532.72
12502,189,5,791.55
12504,20,2,2.8000000000000007
12506,234,1,28.35
12507,136,1,225.28
12508,28,2,62.269999999999996
12509,286,1,67.5
12510,144,2,315.79999999999995
12512,245,1,21.6
12513,86,2,108.0
12514,269,1,265.28
12515,355,1,76.05
12516,5,2,424.18
12517,30,5,595.24
12518,1,5,370.76
12519,154,1,45.5
12520,38,5,673.33
12521,144,1,135.3
12522,53,1,17.700000000000003
12523,21,9,281.61
12524,71,7,1141.65
12526,55,3,168.45000000000002
12527,83,3,83.34
12528,116,5,269.65000000000003
12530,31,5,339.29
12531,16,1,31.4
12532,91,1,110.88
12534,337,1,274.5
12535,93,2,111.75
12536,31,2,707.37
12538,61,1,55.650000000000006
12539,24,4,1027.6299999999999
12540,21,17,2712.07
12541,61,3,299.57
12544,61,2,36.42
12545,77,2,204.25
12546,48,3,122.80000000000001
12547,199,2,48.4
12548,168,1,17.4
12550,81,1,217.68
12551,359,1,12.5
12552,41,1,71.47
12553,1,10,673.61
12556,34,2,110.41
12557,40,2,1446.68
12558,121,2,0.0
12559,312,2,55.599999999999994
12560,145,2,299.54
12561,70,1,64.65
12562,24,7,870.9300000000001
12564,263,1,39.6
12565,283,2,16.029999999999998
12567,24,11,1754.1
12569,18,21,813.05
12571,41,2,82.7
12572,53,2,151.5
12573,229,1,40.7
12574,317,1,15.0
12576,131,5,218.26
12577,244,3,137.92
12578,23,3,420.68
12579,80,1,125.65
12580,160,1,89.8
12581,41,1,9.959999999999999
12582,240,2,111.06
12583,1,17,1489.93
12584,11,12,386.5
12585,224,3,284.11
12586,19,1,48.050000000000004
12587,302,1,20.8
12588,41,1,17.0
12589,30,2,153.42
12590,6,1,1816.6
12591,319,1,188.0
12592,67,1,66.0
12593,220,2,122.39999999999999
12594,48,7,963.19
12596,53,1,52.74
12597,21,5,620.06
12598,11,7,680.5
12599,61,3,179.88
12600,86,6,300.44
12601,40,4,78.15
12603,23,1,126.0
12604,81,2,54.6
12607,1,2,-86.73
12609,80,3,174.18
12610,24,5,384.15
12611,54,1,258.75
12612,76,1,228.75
12613,59,5,615.41
12614,161,1,54.15
12615,73,4,334.57
12616,216,2,201.1
12617,61,1,23.709999999999997
12618,23,1,50.5
12619,18,8,445.71999999999997
12620,16,3,316.33
12621,6,21,2560.04
12622,234,1,45.300000000000004
12623,130,1,46.5
12624,108,2,147.8
12625,6,2,857.12
12626,25,10,1325.66
12627,12,6,849.09
12628,20,4,152.39000000000001
12630,11,2,483.79
12631,59,1,358.94
12633,1,4,247.06
12635,32,2,276.36
12637,93,9,1440.23
12638,183,1,151.74
12639,240,1,73.5
12640,25,2,210.76000000000002
12642,27,3,195.68
12643,40,3,1174.1999999999998
12644,306,1,49.09
12645,111,4,359.86
12646,51,2,247.64000000000001
12647,32,10,704.01
12648,126,1,38.150000000000006
12649,36,2,104.03999999999999
12650,182,1,4.68
12651,101,1,27.450000000000003
12652,10,2,91.64
12653,150,2,513.75
12654,12,5,184.35
12656,3,6,586.15
12657,13,4,347.09
12658,20,1,81.89999999999999
12660,13,1,43.050000000000004
12662,25,10,605.82
12664,1,4,741.0
12667,1,1,99.02
12668,13,5,679.24
12669,4,2,246.54
12670,12,5,796.42
12672,331,1,27.599999999999998
12673,328,1,54.3
12674,93,5,430.76
12676,26,5,234.34
12678,44,8,3583.24
12679,54,4,136.32
12680,75,3,189.32999999999998
12681,16,22,2554.79
12682,3,28,2278.1
12683,6,15,1765.85
12684,26,5,426.16
12685,30,6,639.27
12686,639,1,17.4
12688,115,1,946.42
12689,27,2,294.8
12690,207,1,156.65
12691,1,2,81.8
12693,6,4,266.3
12694,72,2,116.8
12695,212,3,157.55
12697,30,3,217.1
12700,128,4,733.73
12701,37,2,141.03
12702,21,1,59.900000000000006
12703,73,1,74.0
12704,24,7,327.25
12705,17,10,1331.75
12707,293,1,126.54
12708,61,11,439.28000000000003
12709,1,19,1809.01
12710,203,4,186.60999999999999
12712,10,14,828.0
12713,90,1,182.56
12714,11,5,1195.83
12715,108,1,27.0
12716,135,2,223.72
12717,34,2,167.5
12718,73,1,14.399999999999999
12719,31,3,139.0
12720,4,23,1033.2
12721,81,7,457.15
12722,4,4,249.72
12723,18,4,182.17
12724,40,3,154.3
12725,639,1,76.5
12726,30,7,481.68
12727,12,6,1191.55
12728,40,4,130.79
12729,115,1,116.08
12731,25,13,2558.1
12732,181,1,24.500000000000004
12733,236,1,191.65
12734,354,1,16.8
12735,193,2,109.4
12736,40,1,140.4
12738,667,1,43.55
12739,336,1,232.62
12740,154,1,36.4
12743,136,2,108.67
12744,58,5,1649.76
12747,24,8,832.35
12748,6,163,5931.05
12749,24,6,891.89
12750,278,1,43.5
12752,83,1,894.24
12753,24,8,5473.87
12754,161,3,397.55999999999995
12757,6,10,427.01
12758,118,2,556.9200000000001
12759,54,3,287.95
12762,27,2,318.72
12763,578,1,90.66
12764,318,1,72.60000000000001
12766,59,7,1592.42
12769,240,1,191.85
12770,212,1,583.74
12772,31,1,162.49
12775,19,5,300.94
12778,21,5,102.63
12779,200,8,801.12
12781,154,2,316.74
12782,151,5,250.55
12783,55,6,395.88
12784,17,1,38.75
12785,425,1,19.799999999999997
12787,93,2,52.400000000000006
12790,194,1,95.36
12792,258,1,122.63999999999999
12793,101,2,48.95
12794,55,1,92.72
12795,20,1,163.18
12802,188,1,91.08
12808,127,3,107.2
12809,179,1,85.2
12811,263,2,182.3
12812,46,1,79.30000000000001
12815,149,2,179.9
12816,178,2,85.6
12817,283,1,40.0
12818,263,1,480.0
12820,46,4,171.07
12821,97,1,30.12
12822,72,2,242.65
12823,76,3,1071.0
12824,31,1,17.700000000000003
12826,61,7,277.06
12827,46,2,82.45
12828,114,6,314.7
12829,163,3,3.5
12830,136,4,1513.36
12831,264,1,25.5
12832,305,1,66.0
12833,147,1,96.69
12834,311,1,46.8
12836,31,4,632.36
12837,175,1,38.7
12838,183,2,91.29
12839,13,13,1199.9
12840,66,6,612.25
12841,5,25,777.08
12842,72,2,340.68
12843,67,6,413.89
12844,61,2,65.85
12845,292,1,9.75
12847,24,1,248.48
12849,122,2,128.89
12851,246,1,19.99
12852,292,2,45.650000000000006
12853,136,6,255.55
12854,7,5,358.2
12855,667,1,27.900000000000002
12856,20,7,542.29
12857,70,2,161.95
12865,28,3,290.55
12866,342,1,83.35
12867,28,9,877.73
12868,10,6,368.09000000000003
12872,328,2,152.5
12873,311,1,102.0
12876,59,2,418.44
12877,26,8,242.62
12878,238,2,128.8
12879,80,2,53.1
12881,99,1,268.3
12882,11,2,283.2
12883,26,3,90.7
12885,125,2,242.69
12886,67,3,147.01
12888,341,1,-29.849999999999998
12890,26,1,19.51
12893,91,1,21.82
12895,44,2,34.2
12897,206,1,58.0
12901,12,16,4401.3
12902,266,1,49.7
12904,20,2,83.41
12906,13,4,1002.1
12909,79,7,279.76
12910,7,6,566.46
12912,16,5,540.12
12913,17,3,402.3
12915,667,1,40.55
12916,140,4,253.4
12917,278,1,297.0
12919,18,6,372.91
12920,19,1,43.400000000000006
12921,11,38,2860.4
12922,338,1,50.7
12923,184,1,53.18
12924,2,2,5.4
12925,76,2,175.1
12928,7,5,279.48
12929,343,1,20.4
12930,80,3,76.08
12931,23,8,5186.02
12933,26,3,124.42
12935,28,6,612.45
12936,19,3,189.68
12937,17,4,250.88
12938,27,1,33.48
12939,38,5,2300.2799999999997
12940,56,3,163.5
12942,133,3,171.84
12944,244,1,94.3
12945,290,1,56.85
12947,96,5,267.27
12948,18,7,463.39
12949,91,7,886.98
12950,26,3,794.6
12951,175,7,281.3
12952,45,4,380.85
12955,18,9,814.86
12956,192,1,30.47
12957,11,9,744.4
12962,115,2,60.79
12963,12,6,412.21000000000004
12965,32,1,198.10999999999999
12967,182,3,305.1
12968,114,1,71.14999999999999
12970,302,3,70.8
12971,10,34,1856.2
12974,199,1,15.9
12976,6,1,369.2
12977,187,1,0.78
12980,96,5,1149.45
12981,61,1,76.38
12982,37,2,93.11
12985,30,3,205.4
12987,75,3,100.20000000000002
12988,294,1,144.55
12989,23,10,1815.53
12990,122,2,62.400000000000006
12991,25,2,121.44
12993,33,3,52.75
12994,33,4,176.14000000000001
12997,2,5,412.40999999999997
12999,129,2,116.94
13000,261,2,118.92
13001,24,13,2404.3900000000003
13002,320,1,50.099999999999994
13004,13,18,945.46
13005,129,3,77.25
13006,58,1,11.52
13008,325,1,102.44999999999999
13012,11,8,235.92000000000002
13013,4,13,966.19
13014,12,12,572.4
13015,55,5,659.91
13016,75,3,180.9
13017,302,1,204.0
13018,18,26,1605.68
13021,27,7,642.29
13023,184,2,247.35000000000002
13026,26,3,148.56
13027,356,1,864.0
13028,24,2,72.24000000000001
13029,140,2,399.0
13030,13,2,109.57000000000001
13032,54,3,229.44
13033,359,1,28.200000000000003
13034,56,1,65.10000000000001
13035,75,2,198.0
13037,140,3,287.4
13038,96,2,167.4
13040,183,1,44.78
13043,38,1,263.6
13044,293,1,65.78
13045,336,1,102.9
13046,91,2,241.43
13047,48,13,578.8
13048,16,5,484.17
13049,184,2,273.78000000000003
13050,16,21,1448.12
13052,36,1,131.4
13055,67,3,206.14999999999998
13058,1,2,156.45
13059,251,1,44.35
13060,255,1,50.400000000000006
13061,74,1,111.75
13064,2,3,107.82000000000001
13065,698,1,68.1
13066,26,2,85.65
13067,84,1,9.530000000000001
13068,12,2,344.0
13069,3,23,661.54
13070,194,1,62.400000000000006
13072,268,1,50.25000000000001
13075,306,1,94.19999999999999
13077,121,4,101.56
13078,1,34,2763.42
13080,181,1,3.3600000000000003
13081,13,12,5709.02
13082,178,8,453.3
13083,77,1,53.8
13085,218,2,58.2
13089,7,85,11218.16
13090,21,10,2542.84
13091,30,1,85.49999999999999
13092,72,4,116.95
13093,10,10,1015.11
13094,69,5,431.52000000000004
13097,79,11,1253.33
13098,11,30,5584.07
13101,236,1,28.69
13102,25,22,1332.18
13103,41,1,58.199999999999996
13104,87,1,43.68
13107,71,3,225.28
13108,667,1,55.199999999999996
13109,31,3,97.25
13110,55,6,352.45
13113,6,30,4842.54
13115,1,7,400.61
13116,119,2,51.39
13117,23,6,188.1
13118,21,6,149.82000000000002
13121,271,2,36.269999999999996
13122,242,1,213.35999999999999
13124,32,3,576.4
13126,46,7,570.18
13127,79,1,25.200000000000003
13131,25,4,231.2
13133,38,1,19.9
13134,87,4,380.12
13136,36,6,430.69
13137,12,8,503.44
13138,48,4,118.5
13139,18,8,1067.67
13140,110,3,59.16
13141,86,5,395.88
13142,21,1,72.4
13144,40,1,23.6
13145,93,1,15.0
13146,28,1,32.0
13147,12,1,237.60000000000002
13148,61,13,654.09
13149,16,4,521.7
13151,205,2,64.15
13153,243,1,49.440000000000005
13155,81,3,251.65
13157,7,5,401.99
13158,3,4,258.14
13159,52,4,343.48
13160,24,1,15.0
13161,315,1,10.9
13162,40,5,355.35
13165,48,2,52.32
13166,342,1,89.5
13167,20,4,139.67000000000002
13168,201,4,335.45
13169,154,2,187.8
13170,28,1,31.42
13171,23,3,96.5
13173,213,2,38.58
13174,18,3,590.97
13176,48,1,91.17
13177,184,1,42.6
13178,28,11,1286.94
13182,47,1,36.54
13183,88,8,916.09
13184,16,8,391.56
13186,41,4,320.72
13187,193,1,30.1
13189,20,2,59.04
13192,207,2,290.14
13193,92,1,20.35
13194,137,1,17.700000000000003
13196,13,3,369.82
13198,12,6,572.19
13199,16,19,1408.92
13200,23,3,97.69999999999999
13203,11,4,196.3
13207,4,2,55.32000000000001
13208,31,5,284.82
13209,91,8,923.38
13210,155,1,135.48000000000002
13211,216,2,313.65
13212,11,4,241.35
13213,58,4,277.58
13217,187,1,85.0
13220,80,3,279.25
13221,242,2,282.32
13224,34,2,445.35
13225,62,7,940.3199999999999
13226,38,1,36.15
13227,203,1,100.19999999999999
13229,227,1,14.850000000000001
13230,61,13,647.32
13232,5,7,348.17
13233,76,2,151.0
13235,36,1,199.52
13236,2,3,100.72
13238,25,2,119.8
13239,263,1,51.62
13240,175,4,171.31
13242,67,2,104.0
13243,205,1,120.4
13244,124,1,17.59
13245,52,1,49.3
13246,20,7,415.89
13247,24,3,110.10000000000001
13248,156,2,126.30000000000001
13249,155,1,22.92
13253,187,1,276.6
13255,11,2,123.30000000000001
13258,13,3,130.79
13259,92,1,73.32000000000001
13260,92,1,219.0
13261,270,2,198.0
13263,6,33,1291.23
13265,2,5,319.64
13266,13,16,695.94
13267,10,18,775.38
13268,7,12,797.13
13269,2,14,1066.6000000000001
13271,303,2,30.5
13272,32,1,15.0
13273,115,1,15.239999999999998
13276,154,2,170.3
13277,17,3,107.5
13278,42,1,163.57
13279,80,1,24.659999999999997
13280,94,3,181.95000000000002
13282,6,5,109.35
13284,332,1,34.2
13285,25,4,593.36
13291,157,1,71.82
13292,286,2,144.47
13294,251,2,232.34
13295,361,2,21.950000000000003
13296,139,1,59.5
13297,25,2,262.95
13299,270,1,29.700000000000003
13300,171,1,96.8
13301,105,4,129.85
13302,157,1,63.75
13304,353,1,70.41
13305,23,8,458.55
13308,24,3,192.66
13309,2,4,201.91
13310,30,4,177.94
13311,4,1,90.16
13313,24,4,273.74
13314,53,4,117.16
13316,81,5,672.2800000000001
13317,96,7,422.24
13318,243,2,73.96
13319,2,25,1689.0900000000001
13320,67,4,382.67
13322,19,1,45.08
13323,23,3,81.35000000000001
13324,32,7,1188.6599999999999
13325,83,1,116.5
13327,114,9,554.58
13328,318,1,541.08
13329,122,3,152.09999999999997
13330,124,3,284.94
13332,16,1,116.65
13334,84,3,535.01
13336,79,1,112.24000000000001
13338,126,2,31.910000000000004
13339,202,1,161.91
13340,47,7,2016.44
13341,262,1,135.6
13343,174,2,120.78
13344,161,3,523.28
13345,289,1,27.6
13347,72,1,39.599999999999994
13348,184,1,99.9
13349,12,1,46.44
13350,18,2,119.85
13351,245,1,67.5
13352,62,1,112.32
13354,73,1,216.72
13355,94,1,121.0
13356,82,1,168.1
13357,259,1,103.74
13358,270,1,168.49
13359,31,2,155.51999999999998
13362,11,4,770.0500000000001
13363,19,2,232.57999999999998
13364,73,2,24.96
13365,183,3,514.47
13368,258,1,145.8
13369,356,2,-12.63
13370,486,2,212.42000000000002
13372,32,1,74.92
13373,62,3,656.3100000000001
13375,2,2,215.43
13376,205,3,153.0
13379,28,3,94.0
13381,32,6,742.24
13382,252,1,59.42
13384,47,6,883.36
13385,331,1,101.65
13388,133,2,74.9
13389,13,3,124.39999999999999
13390,76,1,167.39999999999998
13394,34,9,217.82999999999998
13395,158,1,66.3
13396,23,4,444.24
13397,96,3,117.0
13398,194,1,79.96
13402,247,2,98.12
13403,19,1,75.0
13404,36,2,53.9
13405,76,3,145.581
13408,4,48,4581.91
13410,26,4,251.55
13411,109,1,87.45
13414,135,2,53.85
13416,83,1,34.0
13417,207,2,124.9
13418,13,17,1380.69
13419,154,1,24.839999999999996
13420,136,2,15.299999999999999
13421,42,2,324.02
13422,184,1,485.01
13425,110,3,284.55
13426,12,10,726.46
13427,21,3,213.34
13428,12,1,35.58
13429,12,4,281.0
13430,20,4,127.09
13431,2,2,287.62
13434,76,2,202.56000000000003
13435,26,7,550.63
13436,121,1,47.4
13437,16,7,651.9
13439,257,1,69.22
13441,93,1,81.12
13447,25,4,196.82
13448,18,6,686.75
13449,25,1,115.19
13450,28,5,277.08
13451,6,5,547.7
13453,167,2,74.9
13455,26,3,281.28
13456,19,6,195.05
13458,7,16,1787.15
13460,51,2,25.5
13461,140,3,412.4
13462,341,1,17.700000000000003
13464,1,1,90.7
13466,102,2,67.15
13467,12,2,269.32
13468,40,28,1024.26
13470,336,1,16.5
13471,23,3,505.14
13473,40,2,132.33
13474,238,1,34.43
13475,189,3,243.93
13476,69,3,226.04999999999998
13477,6,6,274.28
13479,202,2,69.35
13481,47,5,313.06
13482,234,1,52.4
13483,215,1,79.86
13484,7,1,15.9
13485,235,1,63.9
13486,80,3,310.52
13487,59,3,135.2
13488,10,15,1799.18
13489,291,2,197.88
13491,40,8,309.75
13492,97,3,346.24
13493,99,2,120.0
13494,343,1,78.9
13495,234,5,468.54
13496,12,2,156.10000000000002
13497,311,2,143.9
13499,19,5,369.17
13500,25,3,276.75
13501,290,1,283.95
13502,18,2,44.1
13503,73,1,59.2
13504,184,1,38.85
13505,74,5,699.98
13506,314,3,56.05
13507,109,4,453.32
13508,68,1,7.99
13509,54,5,188.24
13510,47,4,480.94
13512,262,1,28.05
13513,217,1,9.899999999999999
13515,74,4,135.08
13516,23,3,363.71
13517,31,3,492.14
13518,87,1,150.12
13519,80,1,43.7
13520,1,6,801.04
13521,12,3,238.38
13522,91,1,34.0
13523,48,5,862.01
13524,42,2,70.80000000000001
13525,16,2,464.0
13527,32,7,435.97
13529,80,2,104.9
13531,207,1,20.8
13532,183,1,48.27
13533,66,3,78.35
13534,48,28,1141.15
13536,11,7,728.47
13538,33,2,81.3
13539,87,3,84.75
13544,41,2,27.14
13546,14,3,121.52
13548,68,2,208.21
13549,4,6,240.15
13552,88,10,591.74
13555,75,4,915.29
13557,30,2,172.86
13558,25,4,116.79
13560,302,1,8.850000000000001
13561,128,1,10.61
13562,83,3,326.17
13563,86,2,166.48
13564,146,3,683.96
13565,21,2,10.690000000000001
13566,42,2,114.74000000000001
13568,175,1,35.85
13569,19,2,84.16
13570,68,1,57.4
13571,14,12,424.64
13572,207,1,229.90000000000003
13573,52,1,78.25
13575,1,4,111.51
13576,12,10,870.94
13577,7,4,349.7
13579,16,2,199.45
13581,284,1,13.25
13583,157,1,239.54000000000002
13584,192,1,45.35
13587,45,2,-223.2
13588,17,9,613.52
13589,16,2,120.19999999999999
13590,4,6,433.71
13591,184,3,344.62
13592,67,3,90.86999999999999
13593,110,4,401.32
13594,54,1,20.28
13596,14,2,175.92
13598,49,1,23.96
13599,7,20,1091.76
13600,314,1,28.92
13601,6,2,156.15
13602,184,1,54.6
13603,28,1,38.24
13606,68,2,45.78
13607,42,1,144.27
13610,14,7,232.03
13611,32,3,184.51
13614,26,4,414.64
13615,320,1,81.93
13617,5,2,82.54
13618,175,1,30.1
13621,118,1,79.25
13623,91,6,82.16
13626,341,1,59.599999999999994
13627,31,5,349.55
13629,25,7,1763.85
13630,77,8,621.27
13631,145,2,719.7
13632,26,6,318.13
13634,37,5,363.47
13635,276,1,197.16
13636,94,5,217.15
13637,54,3,136.17
13638,17,1,25.5
13639,76,1,106.32
13642,128,1,57.67
13643,122,2,52.8
13644,18,4,604.58
13645,33,1,30.599999999999998
13647,11,4,236.86
13649,258,2,49.099999999999994
13650,2,5,367.46000000000004
13651,41,1,30.9
13652,47,3,105.22
13654,37,5,531.4399999999999
13655,7,2,118.09
13656,166,2,116.45
13657,12,2,110.94
13658,11,6,471.86
13659,207,2,412.32
13662,36,3,156.54
13663,181,1,43.2
13666,289,1,10.850000000000001
13667,151,1,36.03
13668,12,23,1081.25
13669,52,1,105.6
13670,77,1,40.08
13672,39,1,-14.850000000000001
13673,20,2,98.6
13675,34,2,112.0
13678,34,1,34.519999999999996
13680,41,5,206.21
13681,19,4,138.6
13682,219,1,34.0
13684,287,2,19.6
13685,55,5,1318.7500000000002
13686,66,1,17.0
13692,26,3,431.18
13693,327,1,-9.95
13694,27,36,10531.22
13695,3,13,802.5600000000001
13697,334,1,36.959999999999994
13699,157,1,65.4
13700,7,10,415.89000000000004
13704,1,8,571.59
13705,146,3,121.6
13706,70,1,45.9
13707,269,2,88.4
13708,273,1,70.46000000000001
13709,51,15,1504.45
13710,122,1,4.5600000000000005
13711,220,1,35.94
13712,160,1,15.0
13715,224,3,149.97
13716,271,1,18.36
13717,58,6,306.73
13718,160,2,106.35000000000001
13719,17,5,144.34
13720,118,3,131.54999999999998
13721,275,1,102.1
13722,33,4,522.9300000000001
13725,51,8,325.66
13726,102,2,39.36
13727,30,2,69.35
13728,109,6,235.01
13730,137,2,184.53
13731,160,2,158.62
13732,30,1,42.74
13735,26,7,498.29
13736,243,3,203.38
13737,202,1,25.74
13740,242,1,49.8
13741,73,3,111.11000000000001
13742,18,11,659.74
13743,117,4,203.88
13744,216,2,270.48
13745,164,1,37.08
13747,698,1,79.6
13748,160,3,139.57999999999998
13750,173,1,15.0
13751,290,1,53.300000000000004
13752,97,5,147.92
13753,289,1,170.7
13754,319,1,46.8
13755,11,7,465.07
13756,20,10,734.1700000000001
13758,13,7,993.64
13759,73,1,205.64000000000001
13760,56,2,91.37
13761,52,2,194.16
13762,206,2,-143.51999999999998
13763,154,1,321.20000000000005
13764,72,3,302.61
13767,27,38,3490.28
13769,61,11,635.44
13771,184,3,526.75
13772,183,3,264.6
13774,83,1,26.400000000000002
13777,26,20,4201.66
13778,105,1,39.4
13780,172,2,147.22000000000003
13781,282,1,22.66
13782,14,6,145.86
13784,40,4,420.48
13786,517,1,93.0
13787,77,2,77.68
13790,213,1,38.28
13791,45,2,266.3
13792,245,1,20.4
13798,2,40,7808.73
13799,118,2,72.0
13800,284,1,95.34
13801,245,1,40.05
13802,140,4,1074.03
13803,257,1,64.55
13804,80,7,409.09
13805,54,2,337.04
13807,517,1,35.699999999999996
13808,155,4,317.82
13809,162,1,20.15
13810,30,2,129.3
13811,96,2,143.25
13812,107,2,99.13
13813,32,4,228.85
13814,58,3,361.68
13815,24,4,627.58
13816,25,3,186.51
13817,61,2,67.7
13819,39,2,36.5
13821,146,2,101.93
13822,42,2,124.11
13823,93,1,128.4
13824,7,4,519.26
13826,178,1,15.6
13827,59,3,88.53999999999999
13828,24,1,73.03
13831,18,4,524.42
13832,21,1,19.799999999999997
13833,279,1,80.6
13835,54,3,170.3
13837,6,1,47.88000000000001
13838,119,4,162.49
13842,1,9,554.1800000000001
13844,13,1,31.0
13845,184,1,72.9
13846,26,3,104.66
13849,53,2,316.86
13850,306,1,401.69
13851,216,3,311.22
13853,59,1,265.94
13854,26,20,2064.99
13856,96,2,4.75
13858,59,1,57.150000000000006
13859,328,1,67.93
13860,16,5,233.79000000000002
13862,20,8,493.92
13863,129,2,59.9
13865,1,2,108.0
13866,76,1,27.04
13867,76,3,155.06
13868,334,1,137.45
13869,125,4,555.74
13870,42,7,514.23
13871,24,12,1196.47
13873,3,3,73.7
13874,360,1,96.45
13875,39,5,296.82
13876,154,1,36.400000000000006
13877,88,1,30.240000000000002
13878,56,1,235.20000000000002
13880,23,12,736.73
13881,19,15,3649.9
13882,13,5,335.88
13883,6,7,559.76
13884,32,2,69.75
13885,202,2,59.55
13887,206,1,67.17
13888,3,2,124.25
13889,124,1,124.80000000000001
13890,24,10,408.63
13892,54,2,303.21999999999997
13893,299,1,49.1
13894,25,3,141.15
13895,30,4,454.14
13897,52,1,54.9
13898,327,1,29.85
13899,69,1,68.7
13900,96,3,119.47
13901,74,5,362.85
13904,296,1,10.2
13908,81,4,626.75
13911,59,8,610.45
13914,13,2,113.12
13917,51,1,49.160000000000004
13918,51,2,449.22
13919,31,2,80.76
13922,353,1,111.94999999999999
13923,55,1,67.89
13924,19,6,430.02000000000004
13925,64,5,114.38
13926,25,1,33.6
13927,76,1,78.65
13928,12,3,78.35000000000001
13929,171,2,52.900000000000006
13930,59,2,85.4
13931,216,2,173.79000000000002
13932,296,1,59.5
13933,111,2,128.79000000000002
13934,265,1,185.89999999999998
13936,181,1,99.22
13937,171,1,67.05
13938,244,1,13.28
13939,25,3,163.38
13940,19,3,150.36
13941,23,5,1282.04
13946,203,2,131.39999999999998
13947,215,1,39.599999999999994
13949,26,6,676.75
13950,13,4,85.86000000000001
13951,238,2,133.26
13952,189,2,622.5600000000001
13953,117,1,45.0
13954,72,2,140.57999999999998
13955,126,2,39.58
13956,56,5,197.1
13959,81,3,160.55
13962,23,1,15.600000000000001
13963,253,4,154.7
13969,18,18,1555.68
13971,20,9,516.86
13972,203,1,15.299999999999999
13973,289,1,48.95
13974,51,1,82.86
13975,38,7,453.33
13976,208,1,49.519999999999996
13978,47,1,25.47
13979,75,1,166.42
13980,62,1,25.0
13982,41,5,447.38
13983,1,8,407.57
13984,28,2,71.0
13985,1,16,1440.33
13986,19,1,26.85
13988,21,6,865.69
13989,215,2,151.55
13990,67,1,35.22
13991,14,5,172.04
13992,91,1,48.5
13993,32,10,319.12
13994,41,5,548.62
13995,58,4,265.09
13999,12,13,807.95
14000,6,1,126.36
14001,47,3,993.84
14002,136,2,151.87
14004,45,7,1150.56
14005,11,5,737.34
14006,7,3,142.32
14009,200,2,194.4
14012,161,1,58.4
14013,99,3,139.66
14014,79,1,144.9
14015,54,1,203.16
14016,209,4,615.4
14019,48,3,139.64999999999998
14020,2,2,155.54
14021,6,2,77.4
14022,227,1,101.1
14023,282,2,83.25000000000001
14024,64,2,41.2
14027,62,1,17.4
14029,146,2,69.0
14030,20,7,328.24
14031,23,17,3210.23
14032,7,10,408.32
14034,24,2,105.81
14035,30,3,164.41
14036,286,1,131.79000000000002
14037,425,1,22.65
14038,80,3,311.18
14039,183,1,86.1
14040,10,11,931.46
14041,268,1,49.92
14044,28,4,165.95
14046,286,1,95.17
14047,201,4,347.0
14048,161,2,89.1
14049,18,6,1014.18
14050,108,2,71.82
14051,19,23,3677.8900000000003
14052,21,1,25.2
14054,215,1,16.5
14055,108,1,574.5200000000001
14056,17,23,1494.84
14057,25,13,939.23
14059,268,1,39.599999999999994
14060,24,16,1101.18
14062,11,9,2131.34
14064,61,5,67.86
14066,268,1,15.299999999999999
14067,154,2,34.97
14068,322,1,18.7
14071,21,8,197.7
14073,153,1,18.7
14075,21,3,245.73999999999998
14076,306,1,19.32
14077,66,3,64.8
14078,67,6,197.33999999999997
14079,156,1,71.05
14081,70,2,190.41
14082,425,1,49.45
14083,135,7,180.81
14085,11,18,921.66
14087,152,2,15.100000000000001
14088,12,11,9425.74
14089,58,1,57.55
14090,326,1,76.32000000000001
14092,25,13,854.21
14093,14,1,64.97
14096,13,19,12243.97
14098,275,1,24.51
14099,18,12,618.23
14100,139,1,31.6
14101,75,4,1165.98
14102,13,5,364.33
14104,126,2,90.04
14105,241,1,189.25
14107,53,7,504.86
14108,91,2,113.4
14109,25,2,8.200000000000003
14110,2,9,1061.61
14111,16,1,196.35
14112,42,7,424.22
14113,24,8,315.47
14114,38,2,186.17999999999998
14116,21,5,229.13
14121,12,5,622.91
14125,30,2,451.68
14126,12,2,114.9
14127,94,3,118.18
14128,62,2,217.16
14129,19,4,332.2
14130,321,1,144.96
14132,4,11,632.1
14133,284,3,130.64999999999998
14135,40,11,1039.0
14138,121,2,210.63000000000002
14139,48,1,95.10000000000001
14140,23,3,135.45
14141,31,5,204.69000000000003
14142,698,1,76.18
14143,135,1,17.0
14145,48,2,594.0
14146,83,6,325.01
14148,235,1,14.850000000000001
14149,36,2,37.8
14150,244,2,78.64
14152,77,2,115.88
14154,241,2,323.1
14155,268,1,35.7
14156,11,52,22658.93
14157,21,2,126.84
14158,42,1,120.08000000000001
14159,21,14,815.33
14161,128,3,124.68
14162,175,2,54.879999999999995
14163,65,4,699.58
14164,82,1,129.6
14165,99,1,28.0
14167,10,4,115.0
14171,305,1,48.88
14173,12,2,180.4
14174,183,1,47.7
14175,31,4,800.77
14176,299,4,192.4
14177,181,2,67.63
14178,30,7,290.23
14179,42,2,117.06
14180,12,22,775.25
14184,245,1,143.15
14188,73,5,399.20000000000005
14189,18,15,1025.5900000000001
14191,12,12,793.24
14193,271,2,235.1
14194,20,24,2087.9900000000002
14195,341,1,392.0
14196,108,1,26.32
14198,20,5,91.7
14201,62,2,54.7
14204,152,1,29.32
14205,18,3,32.75
14206,241,1,45.3
14208,185,1,28.9
14209,12,4,490.59999999999997
14210,107,6,371.16
14211,55,8,386.38
14212,32,1,535.6800000000001
14213,639,1,-237.60000000000002
14214,52,5,259.27
14215,13,6,375.17
14216,18,4,426.34000000000003
14217,13,16,572.66
14218,44,1,16.5
14219,213,1,3.4799999999999995
14220,190,1,54.56999999999999
14221,44,7,695.18
14222,179,1,242.92
14223,124,3,220.11
14224,112,4,303.36
14226,61,4,390.13
14227,28,9,757.9300000000001
14229,53,3,298.25
14231,96,3,276.65000000000003
14232,44,6,501.0
14233,51,1,86.69999999999999
14234,24,4,138.68
14235,12,4,661.85
14236,82,1,19.92
14237,698,1,29.75
14238,328,1,35.8
14239,45,10,436.05
14240,91,1,111.0
14241,96,1,15.0
14242,236,2,50.900000000000006
14243,129,8,491.35
14245,199,4,535.98
14246,112,3,390.3
14247,191,1,15.25
14250,32,3,468.06
14251,12,5,402.78000000000003
14256,262,2,345.2
14257,125,3,344.21
14258,11,8,3236.1
14259,143,1,32.4
14261,80,1,256.20000000000005
14262,19,8,753.46
14264,126,2,102.80000000000001
14265,111,2,107.1
14267,4,4,99.58000000000001
14270,10,1,103.65
14271,227,1,17.880000000000003
14272,75,2,31.65
14273,37,4,109.0
14276,5,4,138.84
14277,17,4,894.6800000000001
14282,21,14,583.88
14284,88,2,175.65
14285,77,2,384.6
14286,25,4,1122.02
14287,200,1,17.28
14288,67,1,135.6
14289,7,4,95.28
14290,13,6,521.0
14291,33,10,875.26
14292,2,7,989.98
14293,149,4,240.59
14295,42,1,65.4
14297,19,4,222.68
14298,54,38,10886.8
14299,1,11,591.27
14300,20,1,33.0
14301,109,2,143.42000000000002
14304,39,2,36.25
14305,33,3,449.63
14306,81,2,541.15
14307,2,6,790.86
14309,30,9,398.33
14311,37,1,62.76
14312,38,5,357.41
14314,108,1,79.32
14315,46,5,648.5
14317,184,1,164.44
14320,40,3,50.91
14321,12,5,303.43
14323,116,3,95.45
14327,165,1,105.5
14329,19,8,1128.55
14331,137,2,76.6
14332,24,3,321.75
14333,184,2,205.55
14334,18,8,574.06
14335,18,2,44.089999999999996
14336,18,4,365.77000000000004
14338,198,1,184.5
14339,37,1,80.0
14340,220,1,49.5
14341,47,8,482.73
14342,23,3,83.94
14344,99,5,137.75
14345,334,1,57.449999999999996
14346,33,2,177.0
14348,262,1,32.1
14349,12,1,10.05
14350,69,2,87.53
14352,38,3,200.96
14353,128,1,19.5
14354,91,1,52.56
14355,455,1,30.9
14356,81,2,333.37
14357,45,1,27.970000000000002
14359,21,3,151.02
14360,122,4,431.05
14362,24,1,22.1
14364,110,6,385.15
14367,23,16,1828.15
14368,321,1,69.6
14375,158,1,36.55
14379,46,2,34.93000000000001
14381,54,1,60.6
14382,28,1,69.65
14383,165,3,326.4
14385,11,2,47.7
14386,298,1,27.599999999999998
14387,76,3,343.41
14388,12,9,616.56
14389,215,3,292.74
14390,6,11,1036.72
14395,47,11,690.1500000000001
14396,215,2,100.64
14397,13,15,543.81
14400,143,2,75.73
14401,66,10,790.0799999999999
14403,189,2,529.66
14404,110,6,244.83999999999997
14406,3,1,19.9
14407,130,5,510.82
14408,12,7,432.74
14409,73,4,175.02
14410,17,12,116.26
14411,312,1,161.8
14412,44,2,304.9
14413,364,1,37.5
14414,93,7,341.28
14415,44,16,884.5600000000001
14416,44,1,34.32
14418,27,3,320.92
14419,12,6,232.59
14420,336,1,104.36
14421,6,2,118.62
14422,19,6,825.23
14426,20,12,447.74
14427,154,1,43.36
14428,81,4,252.44
14431,70,2,191.56
14432,11,6,439.04
14436,305,1,16.92
14437,145,2,-78.80000000000001
14438,192,1,18.4
14439,321,1,631.0
14440,74,4,445.65000000000003
14441,23,7,462.98
14442,121,4,297.1
14443,55,5,293.68
14446,30,4,257.11
14447,20,4,282.94
14448,11,2,59.50000000000001
14449,20,4,134.97
14450,5,3,103.79
14451,62,2,121.89
14452,12,2,50.480000000000004
14453,308,1,47.45
14456,24,9,686.8
14457,312,1,30.0
14459,157,1,562.4
14460,112,2,165.6
14461,150,3,533.74
14462,33,11,485.61
14465,70,3,239.59
14466,61,5,387.3
14467,19,4,117.75
14470,13,2,46.43
14472,65,8,414.62
14473,76,1,10.2
14474,45,2,72.25
14475,73,3,178.5
14476,259,1,9.95
14479,255,1,67.35000000000001
14480,13,1,75.12
14481,166,2,141.15
14482,20,6,273.04
14483,283,1,7.5
14484,52,1,51.94
14485,334,1,19.19
14487,28,6,175.95
14488,276,1,255.96
14489,209,1,79.5
14491,177,2,77.4
14493,18,5,265.69
14494,27,1,54.599999999999994
14495,52,1,20.8
14496,343,2,166.89000000000001
14497,284,1,112.16000000000001
14498,44,5,553.23
14499,28,3,182.37
14500,280,1,42.45
14501,96,2,84.15
14502,21,10,512.58
14503,12,6,613.36
14504,49,4,145.82
14505,19,9,1185.96
14506,19,5,463.51
14507,42,4,179.73
14508,24,2,78.50999999999999
14511,13,5,374.51
14512,219,2,100.96
14513,208,3,254.39999999999998
14514,10,3,244.61
14515,19,5,554.17
14517,143,1,15.9
14518,184,1,10.1
14522,26,2,183.83999999999997
14523,110,1,83.78
14524,73,8,602.77
14525,21,8,968.01
14527,2,64,1309.33
14528,303,1,78.45
14529,62,3,115.47
14530,27,6,451.35
14532,238,4,122.75
14533,26,6,309.14
14534,3,19,1008.37
14535,62,3,576.8100000000001
14536,261,1,8.5
14537,59,1,75.6
14538,184,2,51.7
14539,17,2,74.42
14540,11,3,323.81
14541,1,7,337.1
14543,30,13,683.1
14544,26,2,214.22
14546,42,8,508.24
14547,14,8,888.48
14548,4,2,408.0
14549,343,1,93.9
14550,12,2,216.64999999999998
14551,20,2,41.3
14552,34,1,27.88
14553,21,5,151.73999999999998
14554,12,4,427.53000000000003
14555,59,2,59.1
14557,87,2,-152.84
14560,45,11,346.09
14561,77,3,237.78
14562,13,20,720.8100000000001
14565,115,5,534.8
14566,112,1,358.0
14567,58,3,416.26
14569,121,1,56.190000000000005
14570,252,2,24.18
14572,42,6,537.29
14573,36,8,283.26
14577,14,4,110.66
14578,182,1,1.25
14581,18,1,28.189999999999998
14582,42,1,78.9
14583,146,5,237.79999999999998
14584,96,4,113.57
14585,52,1,41.75
14586,130,2,25.560000000000002
14587,10,9,363.12
14589,639,1,15.9
14591,17,4,280.39
14592,58,3,117.67
14593,23,3,153.57
14594,302,2,41.63
14595,21,5,295.99
14597,13,1,39.77
14598,46,1,36.379999999999995
14600,162,1,128.1
14601,12,1,15.0
14606,6,98,2371.45
14607,17,11,1504.8
14608,61,2,114.45000000000002
14609,145,1,191.16
14618,11,3,80.4
14619,129,1,75.66
14620,206,3,75.86
14621,91,4,241.96
14622,127,1,94.10000000000001
14623,45,5,231.81
14624,31,1,41.1
14625,198,2,271.4
14626,25,6,452.87
14627,343,1,-4.95
14628,37,2,120.0
14629,49,2,236.55
14631,52,3,162.58
14632,264,1,58.84
14633,268,1,34.2
14636,270,2,85.80000000000001
14638,52,1,37.0
14639,33,6,619.82
14640,26,6,383.52000000000004
14641,23,1,7.800000000000001
14642,1,1,96.12
14643,172,2,176.31
14644,62,3,76.75000000000003
14645,99,2,52.959999999999994
14646,3,58,51465.88
14647,203,1,126.14
14649,36,4,299.39
14651,6,2,156.96
14652,79,1,21.09
14653,11,6,428.0
14655,24,3,596.95
14656,171,2,52.86
14657,19,5,209.19
14658,119,2,21.29
14659,80,10,526.46
14660,88,2,35.92
14661,28,1,0.85
14662,30,4,118.81
14664,21,2,169.78
14665,32,6,296.77
14666,26,1,17.849999999999998
14667,23,26,1915.22
14669,7,3,248.64
14670,252,2,60.66
14672,163,2,157.05
14673,11,4,188.57999999999998
14675,18,1,152.1
14676,39,6,793.99
14679,639,1,-2.55
14680,27,21,4430.28
14681,6,1,12.5
14684,27,5,262.69
14687,108,1,251.76
14688,2,20,1132.9
14689,210,1,48.75
14690,34,3,67.28
14691,36,4,327.88
14692,139,4,197.55
14693,266,1,25.6
14696,3,8,310.90000000000003
14697,220,2,56.0
14698,17,5,183.47
14699,97,1,38.13
14700,153,3,430.51
14701,12,9,385.68
14702,41,15,559.88
14703,16,1,45.36000000000001
14704,5,7,267.07
14708,126,4,351.32
14709,17,13,1009.4100000000001
14710,16,4,82.17
14711,12,11,451.16
14712,61,3,156.45000000000002
14713,11,11,564.55
14714,26,1,80.64
14715,10,4,254.05
14716,45,2,76.56
14719,12,5,289.01
14720,32,2,109.98
14722,149,1,57.19
14723,12,6,200.59
14725,26,1,155.8
14727,69,1,15.0
14729,698,1,55.28
14730,109,8,422.59
14731,36,3,128.39
14732,2,8,820.99
14733,18,11,2302.01
14735,13,23,1296.86
14737,278,2,162.2
14738,6,6,326.31
14739,21,6,984.52
14740,199,4,294.45
14741,13,5,181.21
14744,18,4,15.2
14745,114,3,144.92000000000002
14747,251,1,51.300000000000004
14748,36,5,312.26
14752,45,1,39.599999999999994
14753,89,1,106.7
14754,46,2,221.42000000000002
14755,11,11,989.16
14756,17,1,150.08
14757,77,1,151.92000000000002
14758,146,4,336.4
14759,114,3,383.59000000000003
14760,299,1,10.2
14761,101,1,32.7
14762,265,1,85.56
14764,48,1,19.799999999999997
14765,61,2,67.76
14766,67,6,534.95
14768,80,2,12.000000000000007
14769,84,9,2283.42
14770,234,2,200.45
14772,114,1,30.0
14775,1,3,81.06
14776,53,10,325.56
14778,247,2,171.4
14779,252,3,92.75
14780,56,2,111.25
14782,321,1,42.900000000000006
14784,28,2,140.12
14785,12,2,77.4
14788,28,2,93.32000000000001
14789,30,1,17.4
14790,3,4,142.8
14792,184,1,-4.25
14793,23,1,37.14
14794,11,5,196.17
14795,168,1,51.95
14796,24,23,1300.52
14798,312,1,40.28
14799,53,1,30.509999999999998
14800,31,11,858.87
14801,92,1,18.79
14803,99,3,357.41999999999996
14804,333,1,90.07
14805,17,4,129.55
14806,77,1,31.5
14808,41,8,608.86
14810,42,11,400.33
14813,578,2,12.200000000000001
14815,275,2,200.76999999999998
14817,161,2,246.75
14818,75,3,106.85
14819,184,1,61.2
14820,23,2,44.1
14821,486,1,48.800000000000004
14823,5,3,95.1
14824,12,3,323.65000000000003
14825,25,10,366.89000000000004
14828,163,2,306.0
14829,61,4,196.46
14830,55,1,26.77
14834,1,7,609.43
14836,30,2,37.8
14837,32,5,335.6
14841,55,5,505.25
14842,45,5,143.65
14844,7,4,454.03000000000003
14847,150,1,37.3
14849,3,19,1723.1200000000001
14850,343,1,125.0
14851,25,2,71.61
14852,1,6,584.74
14853,26,1,15.0
14854,69,7,633.65
14855,3,2,100.5
14856,58,2,316.8
14857,31,2,245.1
14859,14,4,293.08
14860,21,1,61.44
14861,54,1,19.8
14862,27,2,170.39999999999998
14863,61,1,52.08
14865,667,1,27.12
14866,12,8,4113.9400000000005
14867,158,3,168.7
14868,23,8,626.44
14869,105,2,196.24
14870,263,1,127.44999999999999
14871,180,4,91.6
14873,212,1,107.94999999999999
14875,109,3,257.12
14878,5,9,261.0
14880,79,3,139.71
14882,28,2,62.4
14883,6,3,82.89999999999999
14885,133,1,61.199999999999996
14886,341,1,71.1
14888,209,1,95.5
14889,163,1,39.900000000000006
14890,255,1,17.700000000000003
14891,150,2,139.52
14893,11,2,239.28
14894,87,1,290.06
14895,42,17,1892.27
14896,206,2,139.65
14897,2,4,158.2
14898,25,6,280.43
14901,2,10,485.07
14902,23,2,74.6
14903,23,6,555.09
14904,27,2,158.58
14905,218,2,126.89999999999999
14907,30,6,926.4100000000001
14908,76,1,57.49999999999999
14910,52,3,44.120000000000005
14911,1,199,28070.13
14912,18,2,138.89999999999998
14913,38,4,71.68
14915,87,3,48.27
14916,72,4,396.6
14918,117,2,335.36
14920,36,2,167.48
14921,91,2,374.29
14923,52,1,90.07
14924,129,1,34.7
14929,153,1,15.0
14930,69,3,509.65
14931,24,5,488.28999999999996
14932,455,1,60.65
14934,83,2,292.65
14935,299,1,681.72
14936,99,6,1692.07
14937,58,2,280.2
14944,61,11,1088.79
14947,74,2,81.72
14948,25,4,112.68
14950,21,1,94.26
14951,81,1,85.2
14952,2,8,939.36
14953,27,1,62.61
14954,14,1,62.61
14957,255,1,13.4
14958,129,2,29.55
14959,111,4,142.53
14960,333,1,36.93
14961,12,9,1352.68
14962,272,1,70.2
14963,11,5,473.68
14964,190,1,10.899999999999999
14965,246,1,68.99
14966,16,1,52.31
14967,51,1,15.0
14968,91,1,16.72
14970,139,4,362.5
14971,45,2,189.22
14972,278,1,34.9
14973,109,3,393.72
14974,303,1,42.85
14975,59,1,75.77000000000001
14976,59,4,171.45000000000002
14978,74,5,389.41
14981,160,1,33.0
14984,5,2,38.14
14985,200,2,74.63
14988,6,1,23.700000000000003
14995,252,2,42.94
14997,2,3,128.18
14998,7,2,52.18
15000,49,1,89.19
15002,117,4,424.49
15004,149,1,234.81
15005,17,31,1274.42
15006,53,1,114.53999999999999
15007,279,1,8.25
15009,14,3,264.24
15010,244,1,82.46
15012,55,2,97.32
15014,45,1,42.54
15016,174,1,28.95
15017,183,1,25.25
15018,334,3,98.65
15019,268,1,40.339999999999996
15021,28,9,354.19
15022,13,3,171.13
15023,41,11,1634.69
15024,11,6,335.54
15025,183,1,110.66
15026,82,3,125.9
15027,91,4,418.7
15028,44,3,271.48
15030,73,1,76.32000000000001
15031,91,4,106.65
15032,258,2,1508.1
15033,27,11,400.83
15034,17,9,1034.2
15035,32,1,67.75
15036,74,2,116.5
15038,45,6,166.91
15039,11,44,4039.9700000000003
15041,172,1,53.480000000000004
15042,201,1,76.5
15043,122,1,179.0
15044,7,16,1479.35
15045,34,1,71.48
15046,11,14,711.28
15047,271,1,147.72
15048,118,5,71.11
15050,27,3,209.67
15051,4,3,289.25
15052,321,1,7.050000000000001
15053,187,3,60.3
15054,14,2,64.58
15057,99,2,501.0
15058,27,11,402.8
15059,42,8,307.23
15060,11,3,46.589999999999996
15061,6,37,9302.44
15062,73,4,209.42000000000002
15063,67,1,76.0
15065,166,4,598.3
15066,55,2,161.09
15067,80,3,373.28
15068,48,2,106.52
15069,181,1,259.3
15071,99,2,249.65
15073,11,4,231.57999999999998
15074,107,1,129.04000000000002
15075,79,1,75.78
15076,174,1,186.84
15078,13,23,1972.44
15079,36,4,153.56
15081,24,4,49.25
15083,258,1,34.8
15087,283,1,94.76
15088,23,3,164.67000000000002
15089,12,5,602.84
15090,253,1,87.6
15091,276,1,122.63
15092,128,2,127.23
15093,20,6,1027.24
15095,105,3,230.1
15096,44,1,64.5
15097,213,1,46.8
15098,66,1,-297.0
15099,86,1,30.700000000000003
15100,71,1,175.2
15101,193,2,16.3
15103,88,2,114.19999999999999
15104,198,2,226.96
15105,20,6,414.98
15106,6,5,263.24
15108,143,4,331.65000000000003
15109,129,2,112.55
15110,25,5,69.55
15111,61,3,291.97
15113,11,2,542.39
15114,39,10,419.74
15115,20,1,20.64
15116,19,4,247.32000000000002
15117,16,4,561.3100000000001
15119,129,1,94.5
15120,135,2,80.75
15121,290,1,108.65
15122,116,5,174.74
15123,208,2,283.78
15124,339,1,24.400000000000002
15125,62,11,3038.09
15127,215,1,141.89999999999998
15128,62,5,309.81
15129,52,8,657.52
15130,171,1,62.550000000000004
15132,107,3,301.70000000000005
15133,39,3,206.1
15134,16,8,395.99
15135,241,1,49.5
15136,2,5,311.85
15139,163,2,62.86
15140,54,7,636.02
15142,48,1,81.62
15143,227,1,72.69999999999999
15144,1,15,1546.16
15145,45,4,282.86
15146,166,3,184.4
15147,242,1,66.6
15148,12,1,49.8
15149,135,1,188.8
15150,19,9,1108.53
15152,11,14,1026.03
15153,122,1,53.45
15154,76,2,88.05
15156,121,3,235.4
15157,125,4,282.84
15158,47,1,152.04000000000002
15159,20,27,3791.25
15160,359,1,6.959999999999999
15163,20,2,131.97
15164,210,3,215.24
15165,698,1,123.64999999999999
15167,322,1,62.6
15171,10,1,127.49999999999999
15172,72,5,356.38
15174,324,1,31.5
15175,73,1,6.959999999999999
15178,262,1,8.5
15179,20,3,433.90999999999997
15180,517,1,10.2
15181,177,1,33.72
15182,126,2,136.43
15184,61,2,101.67
15185,72,1,41.88
15186,16,2,91.75
15187,19,12,1937.52
15189,7,30,2487.06
15192,3,3,282.31
15193,62,1,43.7
15194,6,18,1263.99
15197,12,3,513.9
15198,124,2,66.0
15199,31,4,428.45
15201,89,6,177.57
15203,27,6,379.2
15204,359,1,87.12
15205,87,2,232.8
15206,99,2,78.9
15208,31,3,94.62
15210,227,1,75.17999999999999
15211,62,2,326.0
15212,7,2,26.95
15213,331,1,93.0
15214,12,6,194.98
15215,48,3,144.69
15216,89,1,63.6
15218,12,10,1578.35
15219,178,1,12.75
15220,53,6,319.56
15221,578,1,-5.9
15222,320,1,58.0
15223,227,3,10.25
15224,360,3,77.95
15225,236,1,86.4
15226,312,1,52.86
15227,128,5,268.58
15228,171,4,454.28000000000003
15230,242,1,42.3
15232,115,2,108.12
15234,130,1,16.92
15235,160,10,355.02000000000004
15236,300,1,31.5
15237,80,3,267.71000000000004
15238,61,4,550.55
15239,12,3,91.3
15240,7,7,257.3
15241,75,7,511.74
15243,76,1,83.25
15244,215,2,46.599999999999994
15245,136,3,496.38
15246,240,2,88.2
15247,94,1,34.8
15249,3,14,1525.11
15251,7,8,2355.7400000000002
15252,96,2,98.06
15253,2,3,232.43
15254,247,1,73.08
15255,245,1,135.99
15256,150,1,16.8
15257,342,1,92.05
15258,170,2,31.2
15260,102,6,357.6
15261,137,1,39.519999999999996
15262,325,1,34.8
15263,108,1,44.2
15264,184,1,15.08
15265,34,2,428.33
15266,224,1,17.85
15267,1,3,249.6
15269,25,1,290.0
15270,119,3,140.8
15271,5,14,545.69
15272,59,2,147.65
15274,20,2,84.3
15275,303,1,131.47
15276,245,1,19.400000000000002
15277,48,1,104.39999999999999
15279,356,2,36.15
15280,174,1,44.46
15281,1,10,330.32
15287,24,2,139.89
15288,45,5,440.56
15289,61,3,223.20000000000002
15290,44,17,1636.19
15291,5,13,1348.13
15292,203,1,45.34
15296,36,8,678.5
15297,12,3,205.8
15298,12,10,898.38
15299,39,3,531.89
15300,184,1,63.0
15301,52,11,1372.75
15303,292,1,122.83
15304,166,3,48.400000000000006
15306,124,3,242.86
15307,216,1,32.7
15308,69,1,65.22
15311,1,98,10806.99
15312,77,4,261.65
15314,201,1,45.18000000000001
15315,184,1,46.08
15318,182,1,113.12
15319,342,1,43.5
15320,46,1,30.62
15321,51,4,564.38
15322,87,2,136.06
15325,105,1,25.5
15326,71,1,52.05
15327,54,1,17.4
15329,41,3,268.1
15330,62,2,177.84
15332,578,2,245.1
15333,210,1,81.45
15334,165,3,118.59
15335,55,1,49.7
15339,245,2,110.08
15341,82,1,269.0
15342,306,1,10.08
15343,89,1,66.4
15344,76,2,113.28
15345,47,2,74.4
15346,40,1,59.550000000000004
15347,486,1,17.700000000000003
15348,74,1,72.6
15349,219,2,73.65
15350,698,1,25.200000000000003
15351,14,8,441.78999999999996
15353,256,2,94.6
15355,55,2,48.8
15356,73,10,584.6
15358,2,24,1629.97
15360,41,1,136.5
15361,363,1,75.60000000000001
15363,667,1,82.5
15364,216,2,398.68000000000006
15365,27,7,497.46000000000004
15366,77,1,136.2
15367,59,3,186.14999999999998
15368,23,1,295.74
15370,40,6,1009.51
15372,139,1,530.84
15373,20,9,422.71
15374,278,1,51.0
15376,42,3,271.56
15379,99,6,767.59
15380,88,4,450.40000000000003
15381,270,1,39.599999999999994
15382,16,5,1192.3700000000001
15384,171,3,126.8
15385,42,1,183.12
15386,188,1,113.76
15388,272,1,12.600000000000001
15392,2,5,381.15999999999997
15393,18,2,73.56
15394,11,4,408.85
15395,327,1,14.850000000000001
15396,114,1,21.8
15397,291,1,29.85
15398,18,3,323.82
15399,24,3,181.76
15400,191,1,95.2
15402,150,2,94.97
15405,280,1,122.9
15406,20,4,36.45
15407,96,4,517.9
15408,266,1,48.0
15410,86,7,656.7
15411,28,5,336.08
15412,173,1,107.9
15414,11,3,174.35000000000002
15415,315,1,148.4
15416,157,4,683.97
15417,87,1,123.2
15419,26,1,32.699999999999996
15421,1,3,175.9
15422,325,1,17.0
15424,256,1,11.7
15426,21,5,317.84
15427,49,3,212.72
15428,17,1,22.5
15429,28,2,70.39
15432,25,1,48.45
15433,67,3,20.21
15434,109,5,204.65
15435,24,1,61.74
15436,14,3,148.68
15437,264,1,39.18
15438,133,1,8.45
15440,56,3,62.74
15443,14,8,603.79
15444,11,2,238.76
15445,266,1,19.9
15447,332,1,33.31999999999999
15448,314,1,111.77
15449,28,4,144.41
15450,91,1,48.0
15452,61,3,76.17
15453,58,7,309.31
15454,364,1,33.45
15456,342,3,87.35
15457,264,1,36.879999999999995
15460,356,1,41.65
15462,219,1,15.0
15463,61,1,15.0
15464,224,1,163.57
15465,5,14,1104.24
15466,87,1,49.0
15467,11,3,37.65
15468,53,2,152.98
15469,33,1,87.35
15471,152,1,53.010000000000005
15472,115,1,83.47999999999999
15473,1,3,102.0
15475,79,1,77.16
15478,42,2,327.68
15480,118,1,222.70000000000002
15482,17,14,971.6800000000001
15483,268,4,47.1
15484,20,4,624.9300000000001
15485,91,3,457.85
15489,6,4,285.0
15491,102,5,489.18
15492,76,1,62.98
15493,151,5,437.3
15494,23,2,180.7
15497,19,1,133.8
15498,6,22,2683.29
15500,20,4,181.97
15502,17,9,1731.3
15503,364,1,27.45
15504,83,1,13.7
15505,54,5,652.32
15506,24,3,196.3
15507,173,1,134.82
15508,227,6,215.18
15511,13,5,190.91
15513,6,16,3518.84
15514,14,9,408.28999999999996
15516,48,1,5.95
15517,235,1,67.98
15518,40,7,350.75
15520,121,1,45.480000000000004
15521,36,9,191.39
15522,89,2,113.63
15523,86,1,28.3
15524,26,1,440.0
15525,19,4,93.19
15527,20,7,600.4300000000001
15528,256,1,114.62
15529,24,9,799.69
15530,23,4,394.18
15531,91,2,348.33
15532,27,5,365.08
15533,21,4,109.0
15535,175,3,81.6
15537,165,1,19.7
15539,302,1,103.81
15540,13,1,49.370000000000005
15541,116,1,15.990000000000002
15543,290,1,17.7
15544,3,10,780.61
15545,56,2,25.240000000000002
15547,32,13,897.76
15549,79,3,319.65000000000003
15550,39,4,72.32
15551,275,1,44.46
15552,189,1,21.64
15553,62,1,106.73
15554,161,1,15.0
15555,1,18,920.41
15556,26,1,57.04
15557,30,1,40.440000000000005
15561,128,3,206.89999999999998
15562,353,1,134.55
15563,24,3,293.34999999999997
15565,52,2,34.2
15567,20,1,17.4
15568,46,3,40.34
15569,40,3,154.95
15570,12,11,791.65
15571,26,3,88.92
15572,27,7,427.16
15573,87,2,107.0
15574,179,3,134.15
15576,303,1,240.2
15577,34,3,95.09
15578,164,1,39.6
15579,304,2,85.33
15581,99,9,169.29
15582,26,3,222.25000000000003
15584,25,4,104.56
15585,178,1,106.13999999999999
15587,32,2,356.04
15589,257,2,98.14999999999999
15592,48,1,49.120000000000005
15593,72,1,91.2
15594,83,5,462.07
15596,69,8,260.8
15597,61,2,10.949999999999996
15598,55,1,45.06
15599,28,2,244.84
15601,13,15,1251.0
15602,24,8,138.27000000000004
15604,54,1,29.44
15605,275,4,246.35
15606,3,9,537.63
15607,163,1,19.28
15608,33,2,217.55
15609,66,2,66.05
15610,53,1,45.8
15611,11,9,340.53000000000003
15612,92,1,17.85
15615,12,20,1629.56
15618,124,4,126.8
15619,12,1,145.0
15620,58,3,415.12
15621,13,2,257.29999999999995
15622,81,10,771.3100000000001
15624,137,3,112.83000000000001
15625,105,3,277.51
15626,76,2,62.86
15628,26,8,615.87
15630,47,3,258.05
15632,17,10,710.35
15634,19,1,68.15
15636,32,2,152.9
15637,54,1,57.31
15639,136,1,27.45
15640,18,16,2583.18
15641,107,4,428.62
15643,311,2,163.15
15644,168,4,166.89000000000001
15645,20,1,154.76999999999998
15646,160,3,127.27000000000001
15648,206,2,69.9
15649,163,2,816.0
15651,262,3,155.56
15652,93,1,56.0
15654,11,2,154.77
15655,68,1,117.96000000000001
15656,47,4,216.6
15658,39,5,154.8
15659,45,1,48.0
15660,27,11,229.09
15661,319,1,180.6
15664,52,1,35.75
15665,68,2,283.32
15667,41,1,102.60000000000001
15669,171,3,97.58
15670,298,1,27.900000000000002
15671,27,6,267.58
15673,2,4,481.41
15674,75,6,272.54
15675,157,1,85.43
15676,11,5,650.45
15677,51,1,187.29
15678,54,1,20.4
15679,66,3,143.59
15680,11,3,318.36
15681,20,5,136.0
15683,119,1,70.6
15687,25,9,568.5
15689,3,1,81.0
15690,102,2,49.8
15691,341,1,45.0
15692,30,1,80.10000000000001
15694,27,10,1435.32
15695,268,2,98.85000000000001
15696,81,8,563.4200000000001
15699,19,1,117.10000000000001
15700,174,2,134.43
15701,75,4,384.79
15703,266,1,35.400000000000006
15704,128,3,319.02
15705,203,1,75.9
15706,74,4,145.8
15707,45,4,275.6
15708,42,8,779.46
15709,342,1,53.150000000000006
15712,11,4,173.7
15713,145,2,32.11
15714,13,2,66.75
15716,147,4,241.08
15719,153,13,948.45
15720,26,1,163.38
15721,13,1,54.68
15722,110,4,697.59
15723,425,1,20.85
15724,203,2,86.10000000000001
15725,17,1,26.9
15727,10,7,959.24
15728,51,1,-28.05
15729,200,1,-23.0
15730,124,4,207.24
15732,36,1,34.72
15733,311,1,60.5
15734,116,2,209.8
15737,24,9,163.17000000000002
15738,20,12,715.12
15739,245,1,129.4
15743,18,4,136.9
15745,21,4,258.05
15746,136,1,10.92
15747,14,3,312.89
15748,42,1,62.410000000000004
15749,40,3,10473.900000000001
15750,17,7,448.81
15752,41,7,585.35
15754,53,3,108.6
15755,2,8,438.97
15756,65,4,127.42
15757,189,2,127.5
15758,26,1,17.85
15759,220,3,127.6
15762,79,2,146.47
15763,79,2,124.75
15764,83,4,838.48
15768,117,2,55.0
15769,55,19,8470.66
15773,243,1,39.94
15774,304,1,32.0
15776,135,1,102.28
15777,7,2,1.1999999999999993
15780,37,2,107.45
15781,27,2,49.8
15782,32,2,596.88
15783,12,1,84.6
15785,153,5,677.94
15786,45,5,1266.24
15787,28,3,163.45
15789,360,1,15.6
15790,12,1,62.01
15791,45,2,398.96999999999997
15793,16,2,141.21
15795,151,1,97.49
15796,19,9,551.3100000000001
15797,131,1,597.6000000000001
15799,77,3,102.55
15800,109,2,158.02
15801,48,3,269.31
15804,20,11,573.18
15805,25,14,1079.1100000000001
15806,48,3,212.3
15807,52,3,203.4
15808,192,4,546.25
15809,70,3,92.74000000000001
15810,80,5,285.34000000000003
15811,24,6,501.03000000000003
15812,34,5,732.45
15813,209,2,220.45
15814,18,4,269.51
15815,129,4,482.54
15819,51,4,369.71999999999997
15820,321,1,15.299999999999999
15821,46,2,145.7
15822,182,2,147.0
15823,193,1,-29.700000000000003
15825,174,1,89.86
15826,58,2,268.42
15827,36,12,368.9
15829,142,2,182.57999999999998
15830,303,1,125.53999999999999
15831,1,3,164.0
15832,256,1,126.45
15834,72,4,357.13
15835,46,4,176.2
15836,47,2,13.52
15837,184,1,100.78999999999999
15838,13,13,7690.18
15839,27,4,138.34
15840,1,2,93.14
15841,74,4,165.39999999999998
15843,100,1,17.85
15844,48,1,42.3
15845,19,8,674.4
15847,334,1,19.799999999999997
15850,21,2,37.11
15852,188,2,83.0
15853,53,1,18.740000000000002
15854,174,7,279.11
15855,96,5,165.08
15856,34,27,3016.99
15857,20,1,71.39999999999999
15858,17,5,283.92
15860,42,8,230.09
15861,14,7,601.78
15862,114,4,223.98
15863,27,1,12.030000000000001
15864,28,5,382.05
15865,2,3,58.0
15866,103,1,82.84
15867,24,16,659.81
15869,161,2,15.45
15870,153,1,63.44
15872,16,1,69.18
15874,129,8,1016.57
15877,19,2,50.510000000000005
15880,578,1,67.44
15881,314,2,36.900000000000006
15882,547,2,76.44000000000001
15883,152,2,80.71
15885,155,1,163.15
15886,62,1,31.440000000000005
15888,82,1,104.5
15889,187,2,113.37
15891,228,1,88.3
15894,578,1,13.79
15895,151,1,141.32999999999998
15897,196,2,19.3
15898,121,3,161.49
15899,547,1,23.5
15900,25,1,81.32000000000001
15901,18,3,102.78999999999999
15903,11,6,549.96
15904,333,1,56.03
15906,21,8,292.92
15907,178,3,233.16
15909,175,1,19.799999999999997
15910,17,8,328.95
15912,180,2,83.14000000000001
15916,18,8,209.53
15917,190,1,67.35
15918,273,2,108.58
15919,21,2,147.07999999999998
15920,126,3,33.2
15921,174,1,26.09
15922,667,2,46.2
15923,667,1,36.35
15925,196,1,67.0
15930,276,1,128.58
15932,2,8,379.2
15933,23,3,224.5
15935,241,1,40.2
15937,184,1,71.1
15938,114,4,181.62
15939,5,8,1409.18
15940,343,1,35.8
15942,135,1,75.47999999999999
15944,130,1,114.5
15947,84,1,417.8
15948,45,2,222.0
15949,18,2,48.0
15950,80,5,426.76
15951,287,2,197.42
15952,183,4,72.81
15953,10,7,420.71999999999997
15955,26,10,596.95
15957,122,1,68.3
15958,76,1,9.95
15963,21,2,102.6
15965,19,3,148.28
15967,25,2,52.94
15969,51,3,168.0
15970,100,1,12.600000000000001
15971,37,6,301.5
15973,486,1,17.4
15974,6,7,621.03
15975,86,1,19.9
15976,167,2,102.28999999999999
15977,19,2,271.71
15978,79,1,430.7
15980,2,2,453.31
15981,7,5,621.0799999999999
15983,24,4,261.14
15984,102,8,505.02000000000004
15985,125,2,101.3
15986,91,1,40.68
15987,14,5,344.46000000000004
15988,21,1,8.08
15990,46,2,190.08
15993,18,8,509.56
15994,56,1,89.15
15996,2,7,110.93
15998,89,5,690.79
16000,152,3,7948.3
16003,61,5,531.67
16005,14,4,87.51
16006,6,1,8.25
16007,5,4,439.25
16008,25,3,89.0
16009,45,3,116.35000000000001
16010,129,3,49.89
16011,3,14,638.76
16012,157,3,222.62
16013,3,22,8590.1
16014,65,3,150.18
16015,28,4,124.17
16016,17,9,281.9
16017,49,1,27.259999999999998
16018,5,2,58.34
16019,48,10,790.03
16020,18,2,176.14
16022,262,1,107.43
16023,48,3,149.32
16024,14,1,45.78
16025,61,1,98.68
16026,45,1,50.0
16027,178,1,29.5
16029,31,33,12300.62
16030,284,1,91.3
16031,124,2,92.95
16033,6,21,1810.16
16034,40,2,68.39999999999999
16036,89,2,67.47
16037,271,2,126.2
16038,203,2,141.75
16040,150,3,272.54
16042,24,6,178.62
16043,6,4,171.74
16045,3,4,347.05
16049,42,3,203.36
16050,175,1,15.9
16052,56,1,63.33
16053,94,2,272.94
16054,147,1,105.79
16055,281,1,61.55
16056,47,1,123.71
16057,6,7,493.9
16059,73,6,231.9
16062,7,4,233.20000000000002
16063,262,1,62.730000000000004
16065,455,1,34.95
16066,18,4,200.76
16070,24,2,86.4
16071,46,1,37.650000000000006
16072,290,1,170.25
16076,31,10,425.21
16079,18,3,333.64
16080,69,3,44.339999999999996
16081,58,5,540.8199999999999
16083,102,2,206.06
16084,301,1,68.35
16085,1,5,168.78
16086,31,3,156.43
16091,200,1,36.3
16092,116,3,143.35
16094,13,5,173.8
16097,242,1,105.14999999999999
16098,89,5,279.57
16099,52,3,195.7
16101,55,2,206.54000000000002
16102,44,3,522.14
16103,81,5,441.74
16104,92,1,58.55
16105,221,1,45.0
16106,215,1,19.799999999999997
16107,30,4,500.1000000000001
16108,86,1,157.24
16109,220,2,104.63999999999999
16110,47,3,231.86
16112,71,3,63.03999999999999
16113,96,1,29.7
16114,172,1,35.400000000000006
16115,5,8,358.81
16116,6,1,181.95
16117,280,1,22.38
16119,74,2,112.5
16120,31,2,639.38
16121,59,2,252.48000000000002
16122,40,3,192.6
16123,53,1,95.25
16124,318,2,60.150000000000006
16125,517,1,88.2
16126,61,4,1337.31
16127,41,1,114.50999999999999
16128,19,5,328.13
16131,53,4,563.22
16133,18,32,3336.19
16134,23,3,97.15
16135,264,1,60.300000000000004
16136,31,3,174.26
16138,547,1,-7.95
16139,20,3,147.36
16140,54,3,65.4
16141,2,1,93.89
16142,251,1,97.74
16143,36,6,633.6600000000001
16145,42,11,664.6
16146,205,2,178.82
16147,135,1,109.92
16148,298,1,76.32000000000001
16149,144,2,27.6
16150,2,8,284.35
16152,270,1,608.6600000000001
16153,51,5,328.78000000000003
16156,26,9,529.7900000000001
16157,17,3,262.2
16159,283,1,35.4
16160,87,2,143.7
16161,16,24,1126.99
16163,227,1,-415.00000000000006
16164,19,2,61.74
16168,4,14,836.87
16169,41,4,351.41
16170,52,6,364.62
16172,7,4,294.41
16173,17,6,243.70000000000002
16174,34,3,257.54999999999995
16175,171,3,115.35
16177,52,1,34.9
16178,140,1,50.4
16179,62,1,29.64
16180,33,9,2205.81
16181,75,1,19.799999999999997
16182,74,3,1083.0
16183,276,1,29.85
16184,66,3,174.0
16185,18,2,63.0
16186,6,11,510.28
16187,53,13,1075.82
16188,37,4,201.59
16189,17,1,15.0
16191,25,13,1423.39
16193,238,1,34.8
16198,77,1,68.4
16200,166,2,268.18
16201,23,4,424.37
16202,362,1,130.45
16203,1,5,93.55
16204,25,1,92.29
16205,91,4,144.43
16206,56,4,69.22
16207,27,1,71.0
16208,46,2,86.55
16209,2,4,122.31
16210,11,11,927.11
16211,2,2,59.59
16212,21,2,122.8
16213,80,1,9.899999999999999
16214,271,2,174.32
16215,82,1,27.95
16216,269,1,24.96
16217,237,2,123.30000000000001
16218,61,8,714.1
16221,99,3,140.6
16222,320,1,258.05
16224,59,4,226.53
16225,46,5,212.16
16226,209,1,17.700000000000003
16227,227,1,19.919999999999998
16229,36,2,214.93
16230,280,2,53.10000000000001
16232,45,4,303.57
16233,73,3,58.890000000000015
16235,40,4,280.6
16236,80,1,44.76
16239,58,2,48.0
16240,11,3,691.86
16241,1,12,570.0500000000001
16242,20,7,763.24
16243,56,2,73.03
16244,6,2,263.63
16245,25,3,320.49
16247,172,1,8.5
16248,92,1,50.160000000000004
16249,54,4,337.91
16250,263,2,69.69
16252,486,1,-38.02
16253,245,2,817.0899999999999
16255,18,9,425.37
16256,268,1,191.04000000000002
16257,178,1,25.0
16258,47,5,874.89
16260,52,1,57.2
16261,19,4,188.1
16265,11,9,1092.97
16266,75,6,167.92000000000002
16268,73,2,178.92
16270,355,1,373.2
16271,17,4,309.26
16272,118,1,67.15
16274,698,1,51.3
16275,198,1,196.29999999999998
16276,178,1,45.0
16278,102,1,274.79
16279,23,4,452.98
16281,74,1,752.04
16282,254,1,64.6
16283,33,5,268.36
16284,52,2,169.07999999999998
16292,64,1,72.88
16293,23,10,428.15000000000003
16295,1,4,301.02
16297,36,2,30.150000000000006
16298,24,3,85.0
16303,27,4,689.27
16305,140,1,75.16
16306,39,4,54.32
16309,108,2,102.87
16311,19,2,118.19
16313,51,1,12.600000000000001
16315,332,1,27.04
16316,161,6,475.23
16317,3,3,453.92
16318,244,1,61.5
16319,189,1,142.8
16320,67,2,213.12
16321,74,3,88.5
16322,121,2,111.36999999999999
16324,179,2,65.82000000000001
16325,129,2,52.7
16326,17,15,706.69
16327,16,6,738.11
16330,19,1,28.880000000000003
16332,30,8,272.08
16333,125,11,7944.400000000001
16337,275,1,10.2
16338,218,1,9.899999999999999
16339,286,1,43.5
16340,109,1,69.33
16341,26,4,434.54
16343,18,2,95.8
16344,248,1,65.4
16345,46,1,61.900000000000006
16347,13,2,87.39
16348,80,7,347.27
16349,292,1,14.95
16350,71,4,251.6
16351,40,1,36.9
16352,19,2,137.76
16353,19,8,1038.63
16354,75,1,45.74
16356,161,2,11.45
16357,164,2,79.19999999999999
16358,66,5,441.52000000000004
16359,10,8,41.10000000000001
16360,2,6,819.08
16361,11,4,138.38
16362,31,6,89.78
16363,55,1,84.4
16364,13,2,200.34
16365,4,6,266.6
16366,20,1,98.5
16367,303,2,211.45
16368,30,2,58.32
16369,20,3,299.41
16370,66,4,266.39
16372,183,1,73.77
16374,245,2,116.36
16376,19,2,184.71
16378,190,3,93.5
16379,20,4,415.1
16380,92,1,411.77
16383,76,2,144.25
16384,265,1,28.6
16385,62,3,119.91
16386,30,2,84.45
16387,324,1,15.0
16389,80,3,192.0
16392,271,1,25.75
16393,13,18,644.03
16394,52,6,145.62
16395,62,5,292.93
16398,126,2,288.26
16399,21,2,68.16
16400,185,1,86.4
16401,16,11,951.91
16402,266,2,64.95
16403,314,1,85.4
16404,72,1,157.75
16405,70,2,161.65
16406,20,1,33.730000000000004
16407,14,8,396.59
16409,4,5,419.64000000000004
16411,21,2,58.72
16412,55,1,19.08
16413,58,1,106.0
16414,23,1,25.85
16415,46,1,46.400000000000006
16416,28,4,166.43
16418,46,3,111.1
16419,99,5,338.65
16422,19,43,6553.52
16423,26,1,62.58
16425,70,1,118.55
16426,23,10,449.45
16427,265,1,30.84
16430,59,1,25.0
16431,67,3,130.67000000000002
16432,184,1,65.4
16433,30,1,22.39
16434,49,7,239.78
16438,28,5,156.93
16440,53,5,856.37
16441,276,2,91.7
16442,121,3,112.96
16444,48,4,123.06
16445,183,1,44.97
16446,207,1,1.65
16447,137,1,41.400000000000006
16449,199,3,44.2
16450,151,1,41.5
16451,89,1,29.3
16455,154,7,477.9
16456,105,5,493.83
16457,220,1,128.72000000000003
16458,2,16,626.6
16460,30,3,118.19
16461,179,1,29.65
16463,23,4,318.73
16464,21,3,217.71
16466,5,7,310.37
16468,76,1,62.400000000000006
16469,25,4,134.89000000000001
16470,53,5,213.20000000000002
16471,69,1,93.7
16473,163,3,55.3
16474,19,8,380.71000000000004
16475,2,4,189.7
16477,69,7,602.87
16478,215,1,16.5
16479,12,2,61.36
16480,77,1,213.01
16482,17,1,32.13
16483,194,1,24.55
16484,175,2,69.8
16485,79,1,87.47
16488,116,3,126.94
16491,48,1,262.7
16493,81,4,264.31
16494,298,1,117.07
16495,130,2,152.8
16496,209,3,380.58
16497,51,6,795.84
16498,164,1,8.45
16499,362,2,43.5
16500,18,3,81.00000000000001
16503,97,4,304.0
16504,27,1,104.89
16505,122,1,119.52
16506,21,1,35.1
16509,298,1,36.8
16510,667,1,14.850000000000001
16511,23,3,199.89000000000001
16513,21,2,148.82999999999998
16515,4,5,222.67000000000002
16517,161,1,12.0
16518,92,2,185.9
16519,27,2,50.4
16520,188,3,147.21
16523,17,17,2320.4
16525,10,23,3137.96
16527,83,1,59.00000000000001
16528,182,1,56.28
16529,308,1,137.65
16531,24,7,231.28
16533,21,3,165.71
16535,243,1,257.85
16536,112,1,65.43
16539,152,2,156.75
16542,55,1,73.02000000000001
16546,292,3,41.52000000000001
16549,12,10,909.21
16550,110,5,526.8
16551,163,3,241.70000000000002
16552,37,2,104.92
16553,69,9,918.2
16554,44,4,178.87
16555,111,2,59.900000000000006
16556,107,7,689.84
16557,26,2,81.65
16558,7,20,1298.57
16560,28,2,131.73000000000002
16561,31,2,81.14
16563,55,1,44.7
16566,17,3,95.10000000000001
16567,163,2,151.92000000000002
16570,17,9,729.85
16571,28,5,278.71000000000004
16572,34,3,213.75
16573,86,2,143.5
16574,73,1,126.06
16581,66,1,10.5
16582,115,1,100.80000000000001
16583,698,1,50.4
16584,82,2,209.9
16586,221,1,18.0
16587,234,1,25.5
16589,73,2,101.9
16591,304,1,14.850000000000001
16592,14,11,719.22
16593,52,2,61.05
16594,77,1,40.95
16595,92,1,78.14
16596,17,2,97.35
16598,161,2,59.55
16600,26,5,179.07999999999998
16601,42,1,39.52
16602,275,1,34.8
16603,76,2,115.02
16607,1,12,736.9
16609,4,7,1258.21
16610,250,1,26.4
16612,3,4,172.60000000000002
16613,72,1,174.52
16614,66,1,30.9
16616,17,2,92.09
16617,237,1,53.1
16618,122,3,328.22
16619,265,1,48.85
16620,182,2,36.6
16621,128,3,41.25
16623,129,1,19.799999999999997
16624,82,2,158.63
16625,69,1,65.1
16626,24,11,631.82
16627,81,1,78.48
16628,61,5,548.9
16629,75,2,96.92
16633,5,5,591.71
16634,667,1,73.7
16637,62,5,201.35
16638,24,8,310.09
16639,122,2,269.4
16641,107,1,53.64
16642,209,2,145.56
16643,129,1,176.26
16644,36,2,113.0
16647,171,1,44.519999999999996
16648,44,2,-1.2600000000000016
16650,73,1,142.16
16652,1,4,1101.68
16653,18,3,330.89
16654,143,3,216.35
16655,10,6,848.1899999999999
16656,4,11,1906.84
16657,11,4,226.2
16658,547,1,0.85
16659,280,1,20.4
16660,18,2,161.48
16665,364,1,4.95
16666,21,1,16.95
16667,286,2,149.9
16668,17,4,80.03999999999999
16669,25,2,265.12
16670,18,11,956.0
16671,244,1,156.75
16672,7,13,1425.68
16674,56,2,80.38
16676,67,4,313.98
16678,3,14,633.01
16680,45,1,57.4
16681,207,3,266.70000000000005
16682,59,4,161.4
16684,53,20,12127.5
16685,92,2,35.07
16686,49,8,523.77
16688,12,3,192.64000000000001
16689,77,2,43.56
16690,74,2,30.0
16693,273,2,113.8
16696,67,2,119.10000000000001
16697,7,1,29.700000000000003
16698,228,2,1122.0
16700,4,11,680.17
16701,10,14,1091.18
16705,7,14,1676.34
16706,116,3,124.62
16708,47,1,95.28
16709,86,4,594.36
16710,21,10,504.16
16711,28,3,331.35
16712,20,9,712.3
16713,7,16,1738.28
16714,319,1,191.66
16715,80,1,20.84
16717,11,8,734.1600000000001
16718,578,1,171.41000000000003
16719,16,7,372.6
16720,28,1,12.64
16721,264,1,69.6
16722,19,14,1039.27
16723,93,2,260.27
16725,70,6,207.65
16726,28,5,213.09
16727,425,1,65.75
16728,48,4,210.37
16729,7,23,1458.06
16730,54,3,94.3
16732,122,1,96.52
16734,54,3,128.68
16735,80,4,256.05
16739,178,1,37.5
16743,6,8,505.41
16744,13,7,226.43
16745,3,17,1850.1000000000001
16746,3,18,1535.56
16747,184,3,172.57
16748,19,4,269.9
16750,46,4,131.92
16751,91,1,1368.0
16752,667,1,10.2
16753,1,1,56.0
16754,667,1,518.4
16755,116,4,328.71000000000004
16756,97,1,32.550000000000004
16757,320,1,58.35000000000001
16758,215,1,77.36
16759,91,2,109.8
16761,246,1,71.22
16762,21,3,240.35
16763,200,1,158.85
16764,11,13,597.23
16765,296,1,34.0
16766,38,2,125.1
16767,66,9,834.41
16768,49,3,60.5
16769,262,1,68.08000000000001
16770,59,4,155.67000000000002
16771,77,5,418.61
16773,59,1,53.45
16774,118,4,124.82
16775,12,11,299.78
16776,62,1,122.53
16777,82,2,68.2
16778,69,2,30.54
16779,10,24,1850.38
16780,102,2,117.97
16781,667,1,17.700000000000003
16782,19,12,543.96
16784,21,1,77.6
16788,125,2,115.2
16789,333,1,35.599999999999994
16790,18,6,378.27
16791,40,6,345.9
16793,59,1,81.14
16794,5,10,237.42
16795,455,1,30.54
16796,32,1,61.17999999999999
16800,13,1,266.85
16801,38,5,219.5
16803,215,1,57.48
16804,25,2,93.63000000000001
16805,175,2,92.97
16806,105,4,131.72
16807,128,3,168.36
16808,69,1,76.38
16809,25,5,210.37
16810,194,1,31.200000000000003
16811,19,1,16.5
16812,362,1,106.19999999999999
16813,52,10,359.24
16814,7,19,1080.88
16816,151,2,84.65
16817,38,9,145.28
16818,12,11,660.38
16820,216,1,137.6
16823,229,1,75.25
16824,17,2,69.96
16825,158,2,143.3
16826,53,1,8.2
16829,187,1,44.7
16830,334,1,89.80000000000001
16832,127,3,112.35
16833,101,2,96.80000000000001
16834,229,1,32.7
16835,278,2,35.650000000000006
16836,41,2,110.82000000000001
16837,31,11,766.82
16838,199,2,278.91
16839,2,28,2795.19
16841,67,5,282.46000000000004
16842,70,3,276.08
16843,7,12,2304.95
16846,52,1,15.0
16847,45,1,27.2
16848,54,1,82.6
16849,188,1,19.9
16850,71,1,113.92
16851,44,3,92.85
16852,178,1,6.6000000000000005
16855,25,2,60.45
16858,547,1,81.24000000000001
16859,108,3,141.26
16861,31,1,20.16
16863,61,4,23.069999999999997
16866,142,2,33.75
16869,24,4,142.76
16871,24,6,474.18
16872,79,2,212.4
16873,92,8,1484.75
16875,146,5,522.8100000000001
16877,14,6,208.18
16878,86,1,1.25
16880,65,7,217.74
16882,241,2,93.89
16883,219,2,45.8
16884,303,2,97.28
16885,17,3,76.73
16887,244,1,7.25
16889,68,3,392.65999999999997
16891,121,5,126.7
16892,17,5,54.2
16893,486,1,33.7
16895,184,1,47.04
16897,301,3,58.2
16898,28,3,162.0
16899,21,6,203.39
16900,18,3,188.35999999999999
16902,118,1,234.38
16903,61,1,124.88
16904,61,15,678.05
16905,21,7,653.1
16906,83,3,36.34
16907,61,5,185.82
16909,74,1,44.64
16910,11,8,275.9
16912,136,7,376.65
16914,275,1,81.25
16915,11,5,107.10000000000001
16916,25,2,115.3
16917,130,1,35.5
16918,154,5,156.44
16919,7,11,492.85
16921,92,1,27.189999999999998
16923,14,20,1250.24
16924,23,4,87.24
16926,639,1,25.5
16927,130,1,39.6
16928,33,15,712.0
16929,19,6,286.23
16930,28,2,32.65
16931,21,20,854.48
16932,55,1,20.8
16933,121,2,70.60000000000001
16934,56,2,255.38
16936,27,1,79.95
16938,5,3,276.0
16940,54,3,686.42
16942,14,8,400.90000000000003
16943,6,3,213.4
16945,1,16,932.15
16947,237,1,72.94
16948,140,3,245.18
16949,42,6,195.23000000000002
16950,58,3,152.78
16951,131,3,311.6
16952,111,2,32.45
16954,62,4,297.15
16955,127,3,69.51
16956,19,1,140.9
16957,283,1,94.80000000000001
16959,89,1,12.75
16960,62,3,123.09
16961,118,1,23.12
16963,219,1,17.700000000000003
16965,228,1,15.94
16966,199,1,183.59999999999997
16967,280,1,63.9
16968,109,2,61.64
16969,41,3,82.28999999999999
16971,334,1,14.58
16976,269,1,175.2
16978,79,1,40.4
16979,19,6,388.53999999999996
16980,257,2,415.0
16982,62,1,111.14
16983,5,7,437.36
16984,2,4,617.89
16985,6,8,1559.03
16986,91,1,83.2
16987,44,6,466.55
16989,4,3,266.95
16992,12,5,264.61
16996,64,5,339.35
16998,151,2,189.12000000000003
16999,76,1,15.0
17001,24,9,790.76
17002,75,3,211.29999999999998
17004,48,2,582.27
17006,20,3,136.92000000000002
17007,52,6,125.04
17010,20,1,54.6
17011,91,1,48.9
17014,153,3,168.20000000000002
17015,30,3,364.49
17017,11,19,1548.6499999999999
17018,327,1,67.5
17019,13,4,233.65
17026,578,1,10.2
17027,80,5,153.33
17029,238,1,358.0
17030,154,1,63.05
17031,13,2,102.15
17033,88,3,234.35999999999999
17034,18,2,74.32
17035,343,1,110.84
17037,89,1,278.4
17038,91,1,26.05
17040,139,1,30.450000000000003
17041,28,3,252.24
17042,64,4,193.86
17043,53,4,266.88
17044,27,2,189.15
17045,115,2,53.650000000000006
17046,218,1,151.56
17047,87,3,230.8
17048,10,4,190.37
17049,23,10,1350.39
17050,191,6,625.51
17051,196,1,77.95
17052,30,1,86.72
17053,337,1,127.08000000000001
17054,30,5,277.28
17058,83,3,272.61
17059,61,5,641.8100000000001
17060,268,1,17.700000000000003
17061,75,8,1108.3500000000001
17062,315,4,128.2
17063,23,5,165.75
17064,1,3,170.27
17068,14,20,973.7
17069,30,8,740.87
17070,116,1,111.48
17071,2,8,488.66
17073,19,4,325.94
17075,19,4,177.06
17076,275,1,143.39999999999998
17078,275,1,54.589999999999996
17079,80,1,118.80000000000001
17080,24,1,15.0
17081,27,2,69.34
17082,183,2,226.85
17083,100,3,209.46
17084,244,2,701.44
17085,125,5,259.78000000000003
17086,51,5,367.08
17088,30,4,459.51000000000005
17090,2,6,671.84
17091,122,8,675.21
17092,52,4,370.97
17095,24,3,202.65
17096,17,4,132.65
17097,12,7,155.64
17100,20,1,122.00999999999999
17101,53,3,298.1
17105,192,2,127.72
17107,77,5,2731.86
17109,46,4,241.61
17110,167,1,31.45
17111,49,1,35.19
17114,101,8,199.25
17115,66,3,158.5
17117,290,1,28.65
17118,319,1,39.96
17119,31,2,113.25
17120,235,1,58.5
17122,3,1,17.700000000000003
17123,338,1,39.599999999999994
17124,158,1,70.04
17125,52,1,41.68
17126,65,5,223.0
17128,101,1,62.3
17131,49,5,565.5699999999999
17133,17,3,373.1
17134,266,1,88.95
17135,18,5,210.61
17138,99,1,12.75
17139,2,12,2342.03
17140,190,1,97.58
17142,241,1,187.5
17144,86,2,156.85
17146,265,2,213.25
17147,24,4,333.46
17148,53,1,25.0
17152,196,2,61.3
17153,26,1,50.1
17154,77,1,114.48
17155,179,1,17.6
17157,178,2,63.18000000000001
17158,153,3,264.56
17159,23,3,287.09
17160,7,6,523.8
17162,30,10,395.04
17164,34,7,467.68
17165,286,1,35.8
17166,205,1,21.650000000000002
17169,52,4,167.46
17171,291,1,78.63
17172,80,1,28.08
17173,1,6,542.58
17174,189,1,10.4
17175,5,3,279.44
17176,203,1,148.95
17179,180,3,128.45999999999998
17180,7,4,129.62
17181,59,2,90.17000000000002
17183,42,5,585.53
17186,48,2,144.0
17187,228,1,61.5
17188,13,8,609.48
17189,108,2,65.23
17190,1,1,39.45
17191,30,7,397.86
17193,47,3,513.72
17194,362,1,49.870000000000005
17197,61,1,136.3
17198,25,3,72.3
17201,55,1,74.81
17203,54,6,583.18
17204,7,5,279.05
17205,55,1,112.68
17206,55,1,59.64
17211,5,9,464.5
17212,255,1,3.95
17213,42,7,622.23
17214,62,7,67.57
17217,236,1,15.9
17218,13,10,395.58
17219,122,1,17.49
17220,26,13,639.71
17221,275,2,68.43
17222,215,1,56.19
17223,312,2,92.74
17226,253,1,18.03
17227,20,6,201.75
17228,17,8,308.68
17229,144,2,94.89
17230,266,6,573.67
17231,14,10,662.0600000000001
17232,152,1,6.95
17233,244,1,20.41
17234,66,1,46.10000000000001
17235,27,2,154.49
17236,14,5,132.73000000000002
17237,13,2,78.95
17238,19,16,893.22
17239,314,1,54.99999999999999
17242,5,2,286.32
17243,16,25,1388.45
17244,55,1,91.24
17245,206,1,88.65
17247,17,1,29.25
17248,33,1,43.95
17250,182,2,72.88
17251,364,1,48.0
17252,118,2,75.5
17253,20,1,67.0
17254,17,2,79.76
17255,42,2,44.15
17256,314,1,84.25
17259,150,2,114.94
17262,229,2,666.1000000000001
17263,210,1,17.2
17265,5,2,97.38
17266,182,1,46.17
17267,247,1,29.08
17268,4,3,296.48
17272,48,4,531.36
17274,244,1,11.129999999999999
17277,229,2,183.98000000000002
17278,7,1,42.44
17279,59,1,52.65
17282,175,3,266.61
17284,33,6,309.8
17286,23,1,34.67
17287,28,7,208.65
17288,11,6,288.93
17289,5,3,175.8
17290,18,2,108.97
17293,1,9,502.4
17295,30,3,97.26
17297,19,1,14.07
17298,103,2,107.8
17299,32,3,167.09
17301,23,1,18.25
17302,16,5,180.5
17303,363,1,67.57
17306,12,14,2367.69
17309,216,1,12.600000000000001
17311,80,2,447.04
17312,157,2,267.75
17313,122,1,568.32
17314,1,10,493.98
17315,6,33,1374.4
17317,32,1,622.5
17320,102,3,332.03000000000003
17321,276,1,70.51
17323,17,7,196.14
17324,10,4,225.42000000000002
17325,252,1,44.0
17329,16,2,176.28
17333,87,1,113.22
17334,253,1,39.599999999999994
17337,6,4,390.51
17338,10,9,1323.7
17339,185,1,139.20000000000002
17340,11,14,2896.65
17341,187,2,215.13
17343,357,1,13.85
17344,48,1,12.55
17345,17,4,123.26
17346,1,16,573.45
17348,16,5,158.04
17349,181,1,13.75
17350,47,4,262.49
17351,171,2,40.9
17353,126,2,652.5
17354,52,1,567.45
17356,343,1,70.83
17357,26,2,28.8
17358,100,2,72.64
17359,13,1,10.280000000000001
17360,19,3,105.73
17361,51,2,55.800000000000004
17362,241,2,56.85
17364,10,11,928.21
17365,14,7,1075.94
17367,240,1,30.15
17368,25,7,96.01
17370,74,3,77.75999999999999
17371,19,3,151.12
17372,42,8,289.33
17373,42,4,99.89
17374,220,2,98.5
17375,201,3,86.93
17376,72,2,46.9
17377,25,18,906.49
17379,13,1,87.69
17381,26,19,5946.92
17382,215,1,50.400000000000006
17383,213,1,32.47
17384,21,1,18.22
17385,16,1,64.85
17386,115,2,246.82
17387,21,2,136.7
17388,79,2,382.85
17389,10,23,7069.32
17391,165,1,101.76
17392,192,2,89.34
17394,250,1,8.7
17396,41,3,595.25
17397,24,2,123.98
17398,116,3,149.84
17400,212,5,390.64
17402,87,8,874.7
17403,275,1,72.45
17404,6,10,8288.76
17405,4,4,192.46
17406,71,2,377.9
17409,127,1,271.2
17410,1,5,251.69
17411,14,4,130.5
17412,25,5,237.26
17414,127,1,194.4
17415,81,1,34.8
17416,61,7,1320.01
17418,44,2,143.55
17419,13,12,1060.41
17420,52,3,85.7
17422,5,9,340.39
17423,48,2,63.56999999999999
17425,62,1,229.54
17426,93,5,771.63
17427,73,1,30.0
17428,7,24,3373.53
17429,158,3,102.98
17430,153,1,35.400000000000006
17431,315,1,68.47
17432,20,2,80.36
17433,2,1,89.7
17434,18,6,337.65
17436,121,2,45.9
17438,255,1,56.25
17440,149,3,69.25
17442,64,6,457.74
17444,34,3,865.1100000000001
17446,178,2,26.400000000000002
17447,42,2,110.08
17448,146,1,-4287.63
17449,47,7,485.2
17450,12,32,32010.34
17451,17,6,294.55
17453,19,2,83.85
17454,235,3,71.84
17456,455,1,63.699999999999996
17457,217,2,63.15
17458,17,1,50.2
17459,45,2,124.05
17460,80,4,43.730000000000004
17461,24,3,149.79999999999998
17462,62,2,64.7
17463,51,4,220.35
17464,248,1,112.5
17466,12,2,120.89
17469,18,5,596.1
17470,46,5,350.26
17472,290,3,128.06
17475,81,1,29.88
17480,75,2,83.11
17481,17,4,223.96
17483,96,3,136.60000000000002
17486,263,1,42.2
17489,1,2,128.48
17490,75,10,308.23
17491,16,9,680.58
17492,221,1,93.81
17495,302,2,131.57
17496,360,1,59.400000000000006
17498,77,1,66.48
17499,291,1,107.89999999999999
17501,281,2,27.900000000000002
17502,61,1,15.0
17503,152,2,79.28
17504,67,7,600.86
17505,207,2,292.26
17506,77,1,19.8
17507,263,2,160.03
17508,252,1,142.4
17509,59,8,1252.49
17510,26,1,111.64
17511,7,37,14313.52
17512,30,7,674.0600000000001
17513,74,1,104.0
17514,278,1,18.740000000000002
17515,122,4,81.88
17516,3,4,167.37
17517,253,1,73.84
17519,19,6,303.38
17520,55,1,121.46
17521,61,3,102.34
17522,96,3,126.17
17523,13,2,78.34
17524,363,1,25.75
17525,361,1,55.800000000000004
17526,213,3,253.59999999999997
17527,55,4,234.02
17528,1,10,759.13
17530,18,8,491.59
17531,308,1,126.6
17534,55,1,39.599999999999994
17535,252,1,47.9
17536,179,1,25.5
17537,61,2,134.63
17540,26,3,184.8
17542,271,1,25.45
17545,45,3,89.28
17548,235,2,9.540000000000001
17549,25,1,75.78
17550,68,2,45.050000000000004
17551,361,1,72.8
17552,73,2,213.73
17554,18,5,749.33
17555,21,2,73.51
17556,207,1,24.900000000000002
17557,16,2,68.31
17560,70,4,60.42
17561,21,1,32.1
17562,16,7,224.46
17564,26,3,63.2
17566,27,2,262.11
17567,59,9,502.88
17569,40,1,61.65
17571,52,4,323.97
17572,240,2,43.8
17573,61,2,47.85
17574,37,1,42.6
17576,4,18,854.4
17578,220,1,63.3
17579,139,2,20.87
17580,314,2,56.14
17581,67,23,2242.31
17582,238,1,13.92
17584,247,2,455.8
17585,111,4,181.17000000000002
17588,102,3,565.9
17589,34,4,632.4300000000001
17590,19,3,387.40000000000003
17591,75,7,579.38
17593,93,5,702.34
17594,87,2,148.1
17595,14,2,85.23
17596,25,7,600.78
17597,67,1,509.68
17600,19,1,29.82
17601,241,1,7.5
17602,25,7,960.98
17603,80,1,52.379999999999995
17604,189,2,41.4
17608,183,1,26.380000000000003
17609,42,5,232.14
17611,37,14,765.93
17612,55,6,317.93
17613,24,15,953.44
17614,59,1,77.6
17615,205,2,31.650000000000002
17618,221,3,211.2
17619,314,1,40.08
17621,23,3,149.7
17623,153,1,79.60000000000001
17624,16,2,141.76
17625,20,4,358.62
17629,97,6,374.83
17630,171,2,44.849999999999994
17631,121,3,71.26
17633,33,5,236.08
17634,36,9,537.5600000000001
17636,21,2,25.82
17637,117,2,139.17000000000002
17639,130,1,7.7
17642,3,2,132.8
17644,33,11,528.6
17646,250,3,245.39000000000001
17648,62,3,320.7
17649,136,2,131.25
17650,23,1,109.97999999999999
17651,13,11,782.14
17652,27,14,822.8100000000001
17653,61,2,33.71
17654,161,1,18.3
17655,42,6,313.83
17656,75,4,296.56
17658,6,3,131.24
17659,19,10,638.85
17660,143,1,16.45
17663,27,6,204.68
17664,20,2,123.37
17666,215,1,157.01999999999998
17667,6,5,451.6
17668,121,1,30.0
17669,87,6,680.13
17670,229,1,60.6
17671,6,6,318.82
17672,45,3,459.83000000000004
17673,121,6,265.17
17674,76,2,119.46000000000001
17675,4,33,4113.78
17676,1,4,243.14
17677,36,22,3403.86
17678,265,1,40.35
17679,54,2,480.8
17680,25,1,15.0
17682,12,6,523.32
17684,45,1,77.25
17685,2,6,463.95000000000005
17686,33,6,1117.04
17690,47,13,895.4
17691,360,2,45.9
17692,162,4,169.6
17693,139,1,35.34
17694,143,1,54.36000000000001
17695,173,1,59.160000000000004
17696,2,9,452.96000000000004
17697,238,1,115.35
17698,262,1,30.0
17700,18,5,455.51
17701,341,1,115.0
17702,91,5,490.03
17703,111,3,216.38
17704,170,2,194.4
17705,39,9,349.12
17706,62,13,2013.54
17708,219,2,62.0
17709,171,1,59.85
17711,12,2,129.86
17712,46,1,120.61
17715,202,1,326.4
17716,61,10,1043.7
17718,234,1,38.1
17719,2,16,1247.2
17720,28,3,252.82
17722,246,4,414.71
17723,97,2,444.50000000000006
17724,73,1,17.700000000000003
17725,18,12,574.5
17727,17,1,192.3
17728,23,4,489.15000000000003
17730,30,13,1192.03
17731,81,5,194.2
17732,667,1,36.9
17733,334,1,23.759999999999998
17734,55,3,172.71
17735,110,19,2378.88
17736,44,2,94.91
17737,1,1,40.2
17738,21,4,502.05
17739,13,7,492.84000000000003
17742,40,2,104.34
17744,27,6,543.36
17746,242,1,12.600000000000001
17749,180,2,132.7
17750,58,9,319.14
17754,90,4,378.01
17757,16,29,1158.1200000000001
17758,21,8,669.4300000000001
17759,19,2,146.69
17760,23,2,75.05
17761,153,1,40.5
17764,6,2,176.68
17765,212,2,27.75
17767,17,1,84.14
17768,168,3,268.48
17769,14,11,999.22
17770,36,5,263.75
17771,58,2,75.74
17772,12,2,33.9
17774,147,4,291.62
17775,256,1,20.4
17777,26,3,114.45
17779,23,4,161.78
17781,279,1,3.79
17783,74,2,37.2
17785,55,1,13.2
17786,87,2,64.16
17787,65,4,274.1
17789,283,1,34.3
17790,4,13,379.11
17791,61,1,43.35
17793,27,1,62.99
17795,181,2,78.89999999999999
17796,42,4,212.65
17797,24,3,199.95999999999998
17799,24,10,621.2
17800,38,8,250.7
17802,5,3,101.47999999999999
17805,75,1,11.97
17806,13,1,98.57
17809,18,10,460.9699999999999
17811,2,39,1797.87
17812,14,4,133.68
17813,16,5,423.09
17816,215,3,10.629999999999999
17817,161,3,233.58999999999997
17819,66,5,329.21
17824,53,1,51.839999999999996
17827,37,5,420.52
17828,18,3,237.01
17829,300,1,214.26000000000002
17830,121,3,131.5
17831,183,1,17.700000000000003
17832,51,1,30.54
17835,11,3,105.09
17836,49,1,57.9
17837,31,9,513.85
17838,28,6,483.58000000000004
17839,44,1,77.36
17841,1,138,7734.2
17843,100,1,35.9
17844,108,1,6.64
17848,83,4,154.29999999999998
17849,71,3,163.05
17850,70,25,1021.63
17852,13,2,20.55
17854,229,1,32.15
17855,667,1,80.16
17856,121,3,201.66000000000003
17857,74,9,6046.22
17858,3,10,878.45
17859,131,1,5.21
17860,547,1,29.63
17861,26,7,383.92
17863,31,6,827.1
17864,14,3,117.57
17865,2,20,1562.02
17866,144,1,75.0
17867,79,4,-291.5
17869,109,4,109.48
17870,16,9,202.06
17871,206,1,22.36
17873,82,5,476.83000000000004
17874,158,5,128.27
17878,45,1,108.85
17880,425,1,131.6
17883,16,4,113.67
17884,182,4,125.18
17885,14,1,36.14
17886,122,3,146.51
17887,306,1,17.95
17888,20,8,38.36000000000001
17889,36,2,54.27
17890,324,2,120.9
17891,164,1,20.16
17892,157,1,23.7
17893,227,1,16.03
17894,73,8,175.41
17895,46,1,47.61
17896,25,1,152.64000000000001
17897,174,3,91.62
17898,87,2,14.25
17899,279,1,37.93
17901,61,1,19.93
17904,23,1,54.05
17905,73,4,212.54999999999998
17906,190,1,16.95
17908,698,1,58.83
17911,11,1,62.2
17912,361,3,49.23
17913,1,2,32.35
17914,182,1,34.660000000000004
17917,47,3,59.059999999999995
17919,2,1,457.86
17920,13,17,887.68
17921,150,4,176.08
17924,13,5,708.09
17925,667,1,244.08
17926,135,2,93.46000000000001
17928,160,1,13.7
17929,13,1,136.0
17930,73,3,208.8
17931,136,2,146.46
17932,6,3,332.35
17934,1,1,142.2
17935,143,1,16.15
17936,243,1,49.1
17937,122,5,1350.48
17939,279,1,14.489999999999998
17940,70,2,149.04000000000002
17941,337,1,165.36
17946,235,1,28.43
17949,19,13,5745.6900000000005
17950,74,3,128.92000000000002
17951,41,2,298.8
17954,125,11,401.07
17955,220,2,94.75
17957,245,1,10.05
17958,118,1,15.0
17960,173,1,14.290000000000001
17961,5,20,345.17
17962,144,1,2.9899999999999998
17964,122,2,82.94999999999999
17965,10,12,507.0
17966,34,5,248.8
17967,639,1,4.41
17968,698,1,64.72
17969,168,1,7.5
17970,6,1,134.56
17972,7,1,30.5
17973,53,1,15.719999999999999
17974,26,3,167.29
17975,17,12,767.24
17976,667,1,47.75
17977,61,1,144.5
17978,455,1,176.51999999999998
17979,170,3,122.73
17980,167,3,317.95
17984,147,1,34.129999999999995
17985,24,1,206.6
17987,158,1,59.25
17988,13,4,41.19
17990,238,2,132.6
17991,227,2,90.4
17994,64,3,155.84
17997,65,9,178.57
17999,303,2,94.26
18001,14,2,79.03
18004,364,1,27.9
18005,49,2,92.91
18006,25,1,41.0
18008,205,3,448.79
18009,237,1,79.91
18010,258,1,34.4
18011,698,1,15.15
18013,157,1,34.769999999999996
18014,30,1,47.51
18015,213,1,23.01
18016,76,5,443.26
18018,110,2,23.07
18022,244,1,92.98
18024,65,1,179.93
18027,305,1,41.78
18030,44,2,193.45
18033,215,1,15.93
18034,23,2,36.86
18035,45,3,177.65
18036,107,3,60.75
18037,255,2,3.9
18040,21,2,93.4
18041,13,20,801.58
18042,55,1,14.850000000000001
18043,26,3,115.22
18044,89,9,474.59
18045,47,1,45.15
18048,205,1,3.8
18050,361,1,38.4
18053,72,1,65.8
18055,41,10,1628.69
18056,290,1,150.95
18058,11,1,88.55999999999999
18059,11,4,90.42
18061,23,7,514.71
18062,193,2,109.44999999999999
18064,135,2,383.0
18065,88,13,625.24
18066,77,1,91.5
18067,42,1,114.99
18069,2,5,400.49
18071,259,2,66.2
18072,157,2,12.480000000000004
18073,116,6,517.8
18074,698,1,75.7
18075,25,11,542.04
18077,33,11,482.79
18078,189,2,69.6
18079,47,3,645.42
18081,275,1,50.28
18082,27,1,135.05
18084,18,1,90.47999999999999
18085,332,2,47.9
18087,39,1,-10.2
18088,92,1,37.7
18092,3,7,2228.16
18093,33,3,294.90000000000003
18094,83,6,985.4399999999999
18095,40,1,181.8
18096,13,3,188.7
18097,207,6,672.1800000000001
18099,247,1,13.55
18101,13,2,72.97
18102,51,41,45059.94
18104,303,1,92.82000000000001
18105,303,1,13.7
18106,331,1,68.1
18108,256,1,33.5
18109,5,26,1311.01
18110,21,1,46.7
18112,14,2,49.3
18113,547,1,76.32000000000001
18114,292,1,69.9
18116,237,7,250.77
18117,27,1,61.83
18118,12,27,1066.78
18119,517,1,83.44
18120,97,1,19.3
18121,126,1,122.05
18122,4,6,281.96999999999997
18123,26,2,152.82
18125,61,5,247.69
18126,62,1,38.269999999999996
18127,21,2,43.21
18129,68,1,2.1
18130,17,4,279.19
18135,82,2,4.15
18136,6,3,136.58
18138,297,1,23.4
18139,19,6,1470.12
18142,34,2,493.5
18143,118,2,203.78
18144,80,5,608.15
18145,14,4,635.56
18149,38,2,224.2
18150,142,3,88.8
18151,136,2,129.63
18154,45,2,67.84
18155,77,4,107.99000000000001
18156,14,2,119.55
18158,2,2,108.1
18159,39,1,82.65
18160,59,2,82.9
18161,17,5,441.51
18164,303,1,81.88
18165,179,1,9.719999999999999
18167,25,3,135.9
18168,70,7,238.65
18169,62,1,35.400000000000006
18170,114,3,87.43
18171,1,4,258.55
18172,6,15,1413.22
18173,69,4,376.34
18176,355,2,159.55
18177,122,5,303.45
18178,115,5,266.18
18179,11,5,346.61
18180,2,6,298.97
18181,26,1,30.900000000000002
18183,69,2,194.10000000000002
18185,251,1,136.2
18188,17,2,360.96
18189,79,2,242.39999999999998
18190,332,1,71.6
18192,73,1,226.37
18193,4,2,6.969999999999999
18194,84,1,204.0
18196,216,2,205.39
18198,73,13,577.0600000000001
18200,108,1,30.28
18202,201,3,292.6
18203,218,1,15.9
18204,73,3,310.24
18205,76,2,134.8
18210,11,6,480.83000000000004
18211,27,4,177.79
18212,328,1,45.949999999999996
18213,238,1,65.98
18215,32,1,87.94
18216,122,1,72.75
18217,61,2,63.620000000000005
18218,208,2,74.36
18219,45,10,569.57
18220,228,1,152.64000000000001
18221,6,4,236.86
18222,124,1,47.849999999999994
18223,2,17,953.33
18224,265,1,49.0
18225,23,12,1161.55
18226,33,11,1232.61
18227,189,1,15.0
18228,52,3,173.95000000000002
18229,1,17,1336.34
18230,11,6,727.84
18231,194,4,423.68
18232,83,3,181.23000000000002
18235,33,3,495.12
18236,61,5,237.95000000000002
18237,3,5,227.03
18239,220,5,427.78
18241,11,12,398.96000000000004
18242,67,3,299.06
18245,6,7,528.96
18246,235,1,203.4
18248,94,2,58.35
18249,19,1,9.959999999999999
18250,312,1,27.599999999999998
18251,89,1,806.4
18252,52,2,160.16
18255,32,1,20.0
18257,41,9,377.01
18259,26,2,165.60000000000002
18260,101,6,586.59
18261,216,1,29.999999999999996
18262,142,1,41.7
18263,25,4,293.56
18265,74,2,221.8
18270,268,1,43.4
18272,4,7,715.9100000000001
18273,152,1,51.0
18274,19,2,-51.9
18276,45,1,116.7
18277,1,2,0.5500000000000007
18278,75,1,109.4
18280,161,1,52.75
18281,5,1,33.45
18282,217,2,67.85
18283,11,14,325.54
18287,1,2,364.96
